sno,keyword,category,intent,difficulty,priority,suggestedType,target,status,rule,cluster,gapType
1,ai governance,Core Product,Navigational/Commercial,High,P3 - Long Term,Landing/Product Page,/,existing,core-home,product:home,
2,ai governance software,Core Product,Commercial,Medium,P2,Landing/Product Page,/platform,existing,core-platform,product:platform,
3,ai governance platform,Core Product,Commercial,Medium,P2,Landing/Product Page,/platform,existing,core-platform,product:platform,
4,ai governance tool,Core Product,Commercial,High,P3 - Long Term,Landing/Product Page,/platform,existing,core-platform,product:platform,
5,ai governance tools,Core Product,Commercial,Medium,P2,Landing/Product Page,/platform,existing,core-platform,product:platform,
6,ai governance solution,Core Product,Commercial,Medium,P2,Landing/Product Page,/,existing,core-home,product:home,
7,ai governance solutions,Core Product,Commercial,Medium,P2,Landing/Product Page,/,existing,core-home,product:home,
8,ai governance company,Core Product,Commercial,Medium,P2,Landing/Product Page,/,existing,core-home,product:home,
9,ai governance companies,Core Product,Commercial,Medium,P2,Landing/Product Page,/,existing,core-home,product:home,
10,ai governance vendor,Core Product,Commercial,High,P3 - Long Term,Landing/Product Page,/,existing,core-home,product:home,
11,ai governance vendors,Core Product,Commercial,Medium,P2,Landing/Product Page,/,existing,core-home,product:home,
12,ai governance provider,Core Product,Commercial,Medium,P2,Landing/Product Page,/,existing,core-home,product:home,
13,ai governance providers,Core Product,Commercial,Medium,P2,Landing/Product Page,/,existing,core-home,product:home,
14,ai governance for startups,Core Product,Commercial,Low,P2,Landing/Product Page,/solutions/startup,existing,core-startup,product:startup,
15,ai governance for enterprises,Core Product,Commercial,Low,P2,Landing/Product Page,/enterprise,existing,core-enterprise,product:enterprise,
16,ai governance for saas companies,Core Product,Commercial,Low,P2,Landing/Product Page,/solutions/saas,existing,core-vertical,vertical:saas companies,
17,ai governance for small business,Core Product,Commercial,Low,P2,Landing/Product Page,/solutions/startup,existing,core-startup,product:startup,
18,ai governance pricing,Core Product,Commercial,High,P3 - Long Term,Landing/Product Page,/pricing,existing,core-pricing,product:pricing,
19,ai governance cost,Core Product,Commercial,Medium,P2,Landing/Product Page,/pricing,existing,core-pricing,product:pricing,
20,ai governance free trial,Core Product,Commercial,Medium,P2,Landing/Product Page,/book-demo,existing,core-demo,product:demo,
21,ai governance demo,Core Product,Commercial,High,P3 - Long Term,Landing/Product Page,/book-demo,existing,core-demo,product:demo,
22,ai governance reviews,Core Product,Commercial,Medium,P2,Landing/Product Page,/customer-stories,existing,core-reviews,product:reviews,
23,ai governance comparison,Core Product,Commercial,Medium,P2,Landing/Product Page,/,existing,core-home,product:home,
24,ai governance 2026,Core Product,Commercial,High,P3 - Long Term,Landing/Product Page,/,existing,core-home,product:home,
25,ai governance best,Core Product,Commercial,High,P3 - Long Term,Landing/Product Page,/,existing,core-home,product:home,
26,ai governance top,Core Product,Commercial,High,P3 - Long Term,Landing/Product Page,/,existing,core-home,product:home,
27,ai governance leading,Core Product,Commercial,Medium,P2,Landing/Product Page,/,existing,core-home,product:home,
28,ai governance affordable,Core Product,Commercial,Medium,P2,Landing/Product Page,/,existing,core-home,product:home,
29,ai governance open source,Core Product,Commercial,Medium,P2,Landing/Product Page,/,existing,core-home,product:home,
30,ai compliance,Core Product,Navigational/Commercial,High,P3 - Long Term,Landing/Product Page,/,existing,core-home,product:home,
31,ai compliance software,Core Product,Commercial,Medium,P2,Landing/Product Page,/platform,existing,core-platform,product:platform,
32,ai compliance platform,Core Product,Commercial,Medium,P2,Landing/Product Page,/platform,existing,core-platform,product:platform,
33,ai compliance tool,Core Product,Commercial,High,P3 - Long Term,Landing/Product Page,/platform,existing,core-platform,product:platform,
34,ai compliance tools,Core Product,Commercial,Medium,P2,Landing/Product Page,/platform,existing,core-platform,product:platform,
35,ai compliance solution,Core Product,Commercial,High,P3 - Long Term,Landing/Product Page,/,existing,core-home,product:home,
36,ai compliance solutions,Core Product,Commercial,High,P3 - Long Term,Landing/Product Page,/,existing,core-home,product:home,
37,ai compliance company,Core Product,Commercial,High,P3 - Long Term,Landing/Product Page,/,existing,core-home,product:home,
38,ai compliance companies,Core Product,Commercial,Medium,P2,Landing/Product Page,/,existing,core-home,product:home,
39,ai compliance vendor,Core Product,Commercial,High,P3 - Long Term,Landing/Product Page,/,existing,core-home,product:home,
40,ai compliance vendors,Core Product,Commercial,Medium,P2,Landing/Product Page,/,existing,core-home,product:home,
41,ai compliance provider,Core Product,Commercial,High,P3 - Long Term,Landing/Product Page,/,existing,core-home,product:home,
42,ai compliance providers,Core Product,Commercial,Medium,P2,Landing/Product Page,/,existing,core-home,product:home,
43,ai compliance for startups,Core Product,Commercial,Medium,P2,Landing/Product Page,/solutions/startup,existing,core-startup,product:startup,
44,ai compliance for enterprises,Core Product,Commercial,Medium,P2,Landing/Product Page,/enterprise,existing,core-enterprise,product:enterprise,
45,ai compliance for saas companies,Core Product,Commercial,Low,P2,Landing/Product Page,/solutions/saas,existing,core-vertical,vertical:saas companies,
46,ai compliance for small business,Core Product,Commercial,Low,P2,Landing/Product Page,/solutions/startup,existing,core-startup,product:startup,
47,ai compliance pricing,Core Product,Commercial,Medium,P2,Landing/Product Page,/pricing,existing,core-pricing,product:pricing,
48,ai compliance cost,Core Product,Commercial,Medium,P2,Landing/Product Page,/pricing,existing,core-pricing,product:pricing,
49,ai compliance free trial,Core Product,Commercial,Medium,P2,Landing/Product Page,/book-demo,existing,core-demo,product:demo,
50,ai compliance demo,Core Product,Commercial,Medium,P2,Landing/Product Page,/book-demo,existing,core-demo,product:demo,
51,ai compliance reviews,Core Product,Commercial,Medium,P2,Landing/Product Page,/customer-stories,existing,core-reviews,product:reviews,
52,ai compliance comparison,Core Product,Commercial,Medium,P2,Landing/Product Page,/,existing,core-home,product:home,
53,ai compliance 2026,Core Product,Commercial,High,P3 - Long Term,Landing/Product Page,/,existing,core-home,product:home,
54,ai compliance best,Core Product,Commercial,High,P3 - Long Term,Landing/Product Page,/,existing,core-home,product:home,
55,ai compliance top,Core Product,Commercial,High,P3 - Long Term,Landing/Product Page,/,existing,core-home,product:home,
56,ai compliance leading,Core Product,Commercial,High,P3 - Long Term,Landing/Product Page,/,existing,core-home,product:home,
57,ai compliance affordable,Core Product,Commercial,Medium,P2,Landing/Product Page,/,existing,core-home,product:home,
58,ai compliance open source,Core Product,Commercial,Medium,P2,Landing/Product Page,/,existing,core-home,product:home,
59,ai trust,Core Product,Navigational/Commercial,High,P3 - Long Term,Landing/Product Page,/,existing,core-home,product:home,
60,ai trust software,Core Product,Commercial,High,P3 - Long Term,Landing/Product Page,/platform,existing,core-platform,product:platform,
61,ai trust platform,Core Product,Commercial,Medium,P2,Landing/Product Page,/platform,existing,core-platform,product:platform,
62,ai trust tool,Core Product,Commercial,High,P3 - Long Term,Landing/Product Page,/platform,existing,core-platform,product:platform,
63,ai trust tools,Core Product,Commercial,Medium,P2,Landing/Product Page,/platform,existing,core-platform,product:platform,
64,ai trust solution,Core Product,Commercial,Medium,P2,Landing/Product Page,/,existing,core-home,product:home,
65,ai trust solutions,Core Product,Commercial,Medium,P2,Landing/Product Page,/,existing,core-home,product:home,
66,ai trust company,Core Product,Commercial,Medium,P2,Landing/Product Page,/,existing,core-home,product:home,
67,ai trust companies,Core Product,Commercial,High,P3 - Long Term,Landing/Product Page,/,existing,core-home,product:home,
68,ai trust vendor,Core Product,Commercial,High,P3 - Long Term,Landing/Product Page,/,existing,core-home,product:home,
69,ai trust vendors,Core Product,Commercial,High,P3 - Long Term,Landing/Product Page,/,existing,core-home,product:home,
70,ai trust provider,Core Product,Commercial,Medium,P2,Landing/Product Page,/,existing,core-home,product:home,
71,ai trust providers,Core Product,Commercial,High,P3 - Long Term,Landing/Product Page,/,existing,core-home,product:home,
72,ai trust for startups,Core Product,Commercial,Low,P2,Landing/Product Page,/solutions/startup,existing,core-startup,product:startup,
73,ai trust for enterprises,Core Product,Commercial,Low,P2,Landing/Product Page,/enterprise,existing,core-enterprise,product:enterprise,
74,ai trust for saas companies,Core Product,Commercial,Low,P2,Landing/Product Page,/solutions/saas,existing,core-vertical,vertical:saas companies,
75,ai trust for small business,Core Product,Commercial,Medium,P2,Landing/Product Page,/solutions/startup,existing,core-startup,product:startup,
76,ai trust pricing,Core Product,Commercial,High,P3 - Long Term,Landing/Product Page,/pricing,existing,core-pricing,product:pricing,
77,ai trust cost,Core Product,Commercial,High,P3 - Long Term,Landing/Product Page,/pricing,existing,core-pricing,product:pricing,
78,ai trust free trial,Core Product,Commercial,Low,P2,Landing/Product Page,/book-demo,existing,core-demo,product:demo,
79,ai trust demo,Core Product,Commercial,Medium,P2,Landing/Product Page,/book-demo,existing,core-demo,product:demo,
80,ai trust reviews,Core Product,Commercial,High,P3 - Long Term,Landing/Product Page,/customer-stories,existing,core-reviews,product:reviews,
81,ai trust comparison,Core Product,Commercial,Medium,P2,Landing/Product Page,/,existing,core-home,product:home,
82,ai trust 2026,Core Product,Commercial,High,P3 - Long Term,Landing/Product Page,/,existing,core-home,product:home,
83,ai trust best,Core Product,Commercial,High,P3 - Long Term,Landing/Product Page,/,existing,core-home,product:home,
84,ai trust top,Core Product,Commercial,High,P3 - Long Term,Landing/Product Page,/,existing,core-home,product:home,
85,ai trust leading,Core Product,Commercial,Medium,P2,Landing/Product Page,/,existing,core-home,product:home,
86,ai trust affordable,Core Product,Commercial,High,P3 - Long Term,Landing/Product Page,/,existing,core-home,product:home,
87,ai trust open source,Core Product,Commercial,Low,P2,Landing/Product Page,/,existing,core-home,product:home,
88,ai risk management,Core Product,Navigational/Commercial,Medium,P2,Landing/Product Page,/,existing,core-home,product:home,
89,ai risk management software,Core Product,Commercial,Medium,P2,Landing/Product Page,/platform,existing,core-platform,product:platform,
90,ai risk management platform,Core Product,Commercial,Medium,P2,Landing/Product Page,/platform,existing,core-platform,product:platform,
91,ai risk management tool,Core Product,Commercial,Medium,P2,Landing/Product Page,/platform,existing,core-platform,product:platform,
92,ai risk management tools,Core Product,Commercial,Medium,P2,Landing/Product Page,/platform,existing,core-platform,product:platform,
93,ai risk management solution,Core Product,Commercial,Low,P2,Landing/Product Page,/,existing,core-home,product:home,
94,ai risk management solutions,Core Product,Commercial,Low,P2,Landing/Product Page,/,existing,core-home,product:home,
95,ai risk management company,Core Product,Commercial,Medium,P2,Landing/Product Page,/,existing,core-home,product:home,
96,ai risk management companies,Core Product,Commercial,Low,P2,Landing/Product Page,/,existing,core-home,product:home,
97,ai risk management vendor,Core Product,Commercial,Low,P2,Landing/Product Page,/,existing,core-home,product:home,
98,ai risk management vendors,Core Product,Commercial,Low,P2,Landing/Product Page,/,existing,core-home,product:home,
99,ai risk management provider,Core Product,Commercial,Low,P2,Landing/Product Page,/,existing,core-home,product:home,
100,ai risk management providers,Core Product,Commercial,Low,P2,Landing/Product Page,/,existing,core-home,product:home,
101,ai risk management for startups,Core Product,Commercial,Medium,P2,Landing/Product Page,/solutions/startup,existing,core-startup,product:startup,
102,ai risk management for enterprises,Core Product,Commercial,Low,P2,Landing/Product Page,/enterprise,existing,core-enterprise,product:enterprise,
103,ai risk management for saas companies,Core Product,Commercial,Low,P2,Landing/Product Page,/solutions/saas,existing,core-vertical,vertical:saas companies,
104,ai risk management for small business,Core Product,Commercial,Low,P2,Landing/Product Page,/solutions/startup,existing,core-startup,product:startup,
105,ai risk management pricing,Core Product,Commercial,Medium,P2,Landing/Product Page,/pricing,existing,core-pricing,product:pricing,
106,ai risk management cost,Core Product,Commercial,Medium,P2,Landing/Product Page,/pricing,existing,core-pricing,product:pricing,
107,ai risk management free trial,Core Product,Commercial,Medium,P2,Landing/Product Page,/book-demo,existing,core-demo,product:demo,
108,ai risk management demo,Core Product,Commercial,Medium,P2,Landing/Product Page,/book-demo,existing,core-demo,product:demo,
109,ai risk management reviews,Core Product,Commercial,Low,P2,Landing/Product Page,/customer-stories,existing,core-reviews,product:reviews,
110,ai risk management comparison,Core Product,Commercial,Low,P2,Landing/Product Page,/,existing,core-home,product:home,
111,ai risk management 2026,Core Product,Commercial,Medium,P2,Landing/Product Page,/,existing,core-home,product:home,
112,ai risk management best,Core Product,Commercial,Medium,P2,Landing/Product Page,/,existing,core-home,product:home,
113,ai risk management top,Core Product,Commercial,Low,P2,Landing/Product Page,/,existing,core-home,product:home,
114,ai risk management leading,Core Product,Commercial,Medium,P2,Landing/Product Page,/,existing,core-home,product:home,
115,ai risk management affordable,Core Product,Commercial,Medium,P2,Landing/Product Page,/,existing,core-home,product:home,
116,ai risk management open source,Core Product,Commercial,Low,P2,Landing/Product Page,/,existing,core-home,product:home,
117,ai governance platform software,Core Product,Commercial,Medium,P2,Landing/Product Page,/platform,existing,core-platform,product:platform,
118,ai governance platform platform,Core Product,Commercial,Low,P2,Landing/Product Page,/platform,existing,core-platform,product:platform,
119,ai governance platform tool,Core Product,Commercial,Medium,P2,Landing/Product Page,/platform,existing,core-platform,product:platform,
120,ai governance platform tools,Core Product,Commercial,Low,P2,Landing/Product Page,/platform,existing,core-platform,product:platform,
121,ai governance platform solution,Core Product,Commercial,Low,P2,Landing/Product Page,/platform,existing,core-platform,product:platform,
122,ai governance platform solutions,Core Product,Commercial,Medium,P2,Landing/Product Page,/platform,existing,core-platform,product:platform,
123,ai governance platform company,Core Product,Commercial,Low,P2,Landing/Product Page,/platform,existing,core-platform,product:platform,
124,ai governance platform companies,Core Product,Commercial,Low,P2,Landing/Product Page,/platform,existing,core-platform,product:platform,
125,ai governance platform vendor,Core Product,Commercial,Medium,P2,Landing/Product Page,/platform,existing,core-platform,product:platform,
126,ai governance platform vendors,Core Product,Commercial,Low,P2,Landing/Product Page,/platform,existing,core-platform,product:platform,
127,ai governance platform provider,Core Product,Commercial,Low,P2,Landing/Product Page,/platform,existing,core-platform,product:platform,
128,ai governance platform providers,Core Product,Commercial,Medium,P2,Landing/Product Page,/platform,existing,core-platform,product:platform,
129,ai governance platform for startups,Core Product,Commercial,Medium,P2,Landing/Product Page,/solutions/startup,existing,core-startup,product:startup,
130,ai governance platform for enterprises,Core Product,Commercial,Low,P2,Landing/Product Page,/enterprise,existing,core-enterprise,product:enterprise,
131,ai governance platform for saas companies,Core Product,Commercial,Low,P2,Landing/Product Page,/solutions/saas,existing,core-vertical,vertical:saas companies,
132,ai governance platform for small business,Core Product,Commercial,Low,P2,Landing/Product Page,/solutions/startup,existing,core-startup,product:startup,
133,ai governance platform pricing,Core Product,Commercial,Low,P2,Landing/Product Page,/pricing,existing,core-pricing,product:pricing,
134,ai governance platform cost,Core Product,Commercial,Medium,P2,Landing/Product Page,/pricing,existing,core-pricing,product:pricing,
135,ai governance platform free trial,Core Product,Commercial,Medium,P2,Landing/Product Page,/book-demo,existing,core-demo,product:demo,
136,ai governance platform demo,Core Product,Commercial,Low,P2,Landing/Product Page,/book-demo,existing,core-demo,product:demo,
137,ai governance platform reviews,Core Product,Commercial,Low,P2,Landing/Product Page,/customer-stories,existing,core-reviews,product:reviews,
138,ai governance platform comparison,Core Product,Commercial,Low,P2,Landing/Product Page,/platform,existing,core-platform,product:platform,
139,ai governance platform 2026,Core Product,Commercial,Low,P2,Landing/Product Page,/platform,existing,core-platform,product:platform,
140,ai governance platform best,Core Product,Commercial,Low,P2,Landing/Product Page,/platform,existing,core-platform,product:platform,
141,ai governance platform top,Core Product,Commercial,Medium,P2,Landing/Product Page,/platform,existing,core-platform,product:platform,
142,ai governance platform leading,Core Product,Commercial,Low,P2,Landing/Product Page,/platform,existing,core-platform,product:platform,
143,ai governance platform affordable,Core Product,Commercial,Low,P2,Landing/Product Page,/platform,existing,core-platform,product:platform,
144,ai governance platform open source,Core Product,Commercial,Low,P2,Landing/Product Page,/platform,existing,core-platform,product:platform,
145,ai compliance platform software,Core Product,Commercial,Medium,P2,Landing/Product Page,/platform,existing,core-platform,product:platform,
146,ai compliance platform platform,Core Product,Commercial,Low,P2,Landing/Product Page,/platform,existing,core-platform,product:platform,
147,ai compliance platform tool,Core Product,Commercial,Medium,P2,Landing/Product Page,/platform,existing,core-platform,product:platform,
148,ai compliance platform tools,Core Product,Commercial,Medium,P2,Landing/Product Page,/platform,existing,core-platform,product:platform,
149,ai compliance platform solution,Core Product,Commercial,Low,P2,Landing/Product Page,/platform,existing,core-platform,product:platform,
150,ai compliance platform solutions,Core Product,Commercial,Low,P2,Landing/Product Page,/platform,existing,core-platform,product:platform,
151,ai compliance platform company,Core Product,Commercial,Medium,P2,Landing/Product Page,/platform,existing,core-platform,product:platform,
152,ai compliance platform companies,Core Product,Commercial,Medium,P2,Landing/Product Page,/platform,existing,core-platform,product:platform,
153,ai compliance platform vendor,Core Product,Commercial,Medium,P2,Landing/Product Page,/platform,existing,core-platform,product:platform,
154,ai compliance platform vendors,Core Product,Commercial,Medium,P2,Landing/Product Page,/platform,existing,core-platform,product:platform,
155,ai compliance platform provider,Core Product,Commercial,Medium,P2,Landing/Product Page,/platform,existing,core-platform,product:platform,
156,ai compliance platform providers,Core Product,Commercial,Low,P2,Landing/Product Page,/platform,existing,core-platform,product:platform,
157,ai compliance platform for startups,Core Product,Commercial,Low,P2,Landing/Product Page,/solutions/startup,existing,core-startup,product:startup,
158,ai compliance platform for enterprises,Core Product,Commercial,Low,P2,Landing/Product Page,/enterprise,existing,core-enterprise,product:enterprise,
159,ai compliance platform for saas companies,Core Product,Commercial,Low,P2,Landing/Product Page,/solutions/saas,existing,core-vertical,vertical:saas companies,
160,ai compliance platform for small business,Core Product,Commercial,Low,P2,Landing/Product Page,/solutions/startup,existing,core-startup,product:startup,
161,ai compliance platform pricing,Core Product,Commercial,Low,P2,Landing/Product Page,/pricing,existing,core-pricing,product:pricing,
162,ai compliance platform cost,Core Product,Commercial,Medium,P2,Landing/Product Page,/pricing,existing,core-pricing,product:pricing,
163,ai compliance platform free trial,Core Product,Commercial,Low,P2,Landing/Product Page,/book-demo,existing,core-demo,product:demo,
164,ai compliance platform demo,Core Product,Commercial,Low,P2,Landing/Product Page,/book-demo,existing,core-demo,product:demo,
165,ai compliance platform reviews,Core Product,Commercial,Low,P2,Landing/Product Page,/customer-stories,existing,core-reviews,product:reviews,
166,ai compliance platform comparison,Core Product,Commercial,Low,P2,Landing/Product Page,/platform,existing,core-platform,product:platform,
167,ai compliance platform 2026,Core Product,Commercial,Low,P2,Landing/Product Page,/platform,existing,core-platform,product:platform,
168,ai compliance platform best,Core Product,Commercial,Low,P2,Landing/Product Page,/platform,existing,core-platform,product:platform,
169,ai compliance platform top,Core Product,Commercial,Low,P2,Landing/Product Page,/platform,existing,core-platform,product:platform,
170,ai compliance platform leading,Core Product,Commercial,Low,P2,Landing/Product Page,/platform,existing,core-platform,product:platform,
171,ai compliance platform affordable,Core Product,Commercial,Low,P2,Landing/Product Page,/platform,existing,core-platform,product:platform,
172,ai compliance platform open source,Core Product,Commercial,Medium,P2,Landing/Product Page,/platform,existing,core-platform,product:platform,
173,ai compliance software software,Core Product,Commercial,Low,P2,Landing/Product Page,/platform,existing,core-platform,product:platform,
174,ai compliance software platform,Core Product,Commercial,Low,P2,Landing/Product Page,/platform,existing,core-platform,product:platform,
175,ai compliance software tool,Core Product,Commercial,Medium,P2,Landing/Product Page,/platform,existing,core-platform,product:platform,
176,ai compliance software tools,Core Product,Commercial,Medium,P2,Landing/Product Page,/platform,existing,core-platform,product:platform,
177,ai compliance software solution,Core Product,Commercial,Low,P2,Landing/Product Page,/platform,existing,core-platform,product:platform,
178,ai compliance software solutions,Core Product,Commercial,Low,P2,Landing/Product Page,/platform,existing,core-platform,product:platform,
179,ai compliance software company,Core Product,Commercial,Medium,P2,Landing/Product Page,/platform,existing,core-platform,product:platform,
180,ai compliance software companies,Core Product,Commercial,Low,P2,Landing/Product Page,/platform,existing,core-platform,product:platform,
181,ai compliance software vendor,Core Product,Commercial,Medium,P2,Landing/Product Page,/platform,existing,core-platform,product:platform,
182,ai compliance software vendors,Core Product,Commercial,Medium,P2,Landing/Product Page,/platform,existing,core-platform,product:platform,
183,ai compliance software provider,Core Product,Commercial,Low,P2,Landing/Product Page,/platform,existing,core-platform,product:platform,
184,ai compliance software providers,Core Product,Commercial,Low,P2,Landing/Product Page,/platform,existing,core-platform,product:platform,
185,ai compliance software for startups,Core Product,Commercial,Low,P2,Landing/Product Page,/solutions/startup,existing,core-startup,product:startup,
186,ai compliance software for enterprises,Core Product,Commercial,Medium,P2,Landing/Product Page,/enterprise,existing,core-enterprise,product:enterprise,
187,ai compliance software for saas companies,Core Product,Commercial,Low,P2,Landing/Product Page,/solutions/saas,existing,core-vertical,vertical:saas companies,
188,ai compliance software for small business,Core Product,Commercial,Low,P2,Landing/Product Page,/solutions/startup,existing,core-startup,product:startup,
189,ai compliance software pricing,Core Product,Commercial,Medium,P2,Landing/Product Page,/pricing,existing,core-pricing,product:pricing,
190,ai compliance software cost,Core Product,Commercial,Medium,P2,Landing/Product Page,/pricing,existing,core-pricing,product:pricing,
191,ai compliance software free trial,Core Product,Commercial,Medium,P2,Landing/Product Page,/book-demo,existing,core-demo,product:demo,
192,ai compliance software demo,Core Product,Commercial,Medium,P2,Landing/Product Page,/book-demo,existing,core-demo,product:demo,
193,ai compliance software reviews,Core Product,Commercial,Low,P2,Landing/Product Page,/customer-stories,existing,core-reviews,product:reviews,
194,ai compliance software comparison,Core Product,Commercial,Low,P2,Landing/Product Page,/platform,existing,core-platform,product:platform,
195,ai compliance software 2026,Core Product,Commercial,Low,P2,Landing/Product Page,/platform,existing,core-platform,product:platform,
196,ai compliance software best,Core Product,Commercial,Medium,P2,Landing/Product Page,/platform,existing,core-platform,product:platform,
197,ai compliance software top,Core Product,Commercial,Medium,P2,Landing/Product Page,/platform,existing,core-platform,product:platform,
198,ai compliance software leading,Core Product,Commercial,Low,P2,Landing/Product Page,/platform,existing,core-platform,product:platform,
199,ai compliance software affordable,Core Product,Commercial,Low,P2,Landing/Product Page,/platform,existing,core-platform,product:platform,
200,ai compliance software open source,Core Product,Commercial,Low,P2,Landing/Product Page,/platform,existing,core-platform,product:platform,
201,ai governance software software,Core Product,Commercial,Low,P2,Landing/Product Page,/platform,existing,core-platform,product:platform,
202,ai governance software platform,Core Product,Commercial,Medium,P2,Landing/Product Page,/platform,existing,core-platform,product:platform,
203,ai governance software tool,Core Product,Commercial,Low,P2,Landing/Product Page,/platform,existing,core-platform,product:platform,
204,ai governance software tools,Core Product,Commercial,Medium,P2,Landing/Product Page,/platform,existing,core-platform,product:platform,
205,ai governance software solution,Core Product,Commercial,Low,P2,Landing/Product Page,/platform,existing,core-platform,product:platform,
206,ai governance software solutions,Core Product,Commercial,Medium,P2,Landing/Product Page,/platform,existing,core-platform,product:platform,
207,ai governance software company,Core Product,Commercial,Medium,P2,Landing/Product Page,/platform,existing,core-platform,product:platform,
208,ai governance software companies,Core Product,Commercial,Low,P2,Landing/Product Page,/platform,existing,core-platform,product:platform,
209,ai governance software vendor,Core Product,Commercial,Low,P2,Landing/Product Page,/platform,existing,core-platform,product:platform,
210,ai governance software vendors,Core Product,Commercial,Medium,P2,Landing/Product Page,/platform,existing,core-platform,product:platform,
211,ai governance software provider,Core Product,Commercial,Low,P2,Landing/Product Page,/platform,existing,core-platform,product:platform,
212,ai governance software providers,Core Product,Commercial,Low,P2,Landing/Product Page,/platform,existing,core-platform,product:platform,
213,ai governance software for startups,Core Product,Commercial,Low,P2,Landing/Product Page,/solutions/startup,existing,core-startup,product:startup,
214,ai governance software for enterprises,Core Product,Commercial,Low,P2,Landing/Product Page,/enterprise,existing,core-enterprise,product:enterprise,
215,ai governance software for saas companies,Core Product,Commercial,Low,P2,Landing/Product Page,/solutions/saas,existing,core-vertical,vertical:saas companies,
216,ai governance software for small business,Core Product,Commercial,Low,P2,Landing/Product Page,/solutions/startup,existing,core-startup,product:startup,
217,ai governance software pricing,Core Product,Commercial,Low,P2,Landing/Product Page,/pricing,existing,core-pricing,product:pricing,
218,ai governance software cost,Core Product,Commercial,Low,P2,Landing/Product Page,/pricing,existing,core-pricing,product:pricing,
219,ai governance software free trial,Core Product,Commercial,Medium,P2,Landing/Product Page,/book-demo,existing,core-demo,product:demo,
220,ai governance software demo,Core Product,Commercial,Medium,P2,Landing/Product Page,/book-demo,existing,core-demo,product:demo,
221,ai governance software reviews,Core Product,Commercial,Medium,P2,Landing/Product Page,/customer-stories,existing,core-reviews,product:reviews,
222,ai governance software comparison,Core Product,Commercial,Low,P2,Landing/Product Page,/platform,existing,core-platform,product:platform,
223,ai governance software 2026,Core Product,Commercial,Medium,P2,Landing/Product Page,/platform,existing,core-platform,product:platform,
224,ai governance software best,Core Product,Commercial,Low,P2,Landing/Product Page,/platform,existing,core-platform,product:platform,
225,ai governance software top,Core Product,Commercial,Low,P2,Landing/Product Page,/platform,existing,core-platform,product:platform,
226,ai governance software leading,Core Product,Commercial,Medium,P2,Landing/Product Page,/platform,existing,core-platform,product:platform,
227,ai governance software affordable,Core Product,Commercial,Low,P2,Landing/Product Page,/platform,existing,core-platform,product:platform,
228,ai governance software open source,Core Product,Commercial,Medium,P2,Landing/Product Page,/platform,existing,core-platform,product:platform,
229,ai trust platform software,Core Product,Commercial,Medium,P2,Landing/Product Page,/platform,existing,core-platform,product:platform,
230,ai trust platform platform,Core Product,Commercial,Medium,P2,Landing/Product Page,/platform,existing,core-platform,product:platform,
231,ai trust platform tool,Core Product,Commercial,Medium,P2,Landing/Product Page,/platform,existing,core-platform,product:platform,
232,ai trust platform tools,Core Product,Commercial,Medium,P2,Landing/Product Page,/platform,existing,core-platform,product:platform,
233,ai trust platform solution,Core Product,Commercial,Medium,P2,Landing/Product Page,/platform,existing,core-platform,product:platform,
234,ai trust platform solutions,Core Product,Commercial,Low,P2,Landing/Product Page,/platform,existing,core-platform,product:platform,
235,ai trust platform company,Core Product,Commercial,Low,P2,Landing/Product Page,/platform,existing,core-platform,product:platform,
236,ai trust platform companies,Core Product,Commercial,Medium,P2,Landing/Product Page,/platform,existing,core-platform,product:platform,
237,ai trust platform vendor,Core Product,Commercial,Low,P2,Landing/Product Page,/platform,existing,core-platform,product:platform,
238,ai trust platform vendors,Core Product,Commercial,Low,P2,Landing/Product Page,/platform,existing,core-platform,product:platform,
239,ai trust platform provider,Core Product,Commercial,Low,P2,Landing/Product Page,/platform,existing,core-platform,product:platform,
240,ai trust platform providers,Core Product,Commercial,Medium,P2,Landing/Product Page,/platform,existing,core-platform,product:platform,
241,ai trust platform for startups,Core Product,Commercial,Low,P2,Landing/Product Page,/solutions/startup,existing,core-startup,product:startup,
242,ai trust platform for enterprises,Core Product,Commercial,Low,P2,Landing/Product Page,/enterprise,existing,core-enterprise,product:enterprise,
243,ai trust platform for saas companies,Core Product,Commercial,Low,P2,Landing/Product Page,/solutions/saas,existing,core-vertical,vertical:saas companies,
244,ai trust platform for small business,Core Product,Commercial,Low,P2,Landing/Product Page,/solutions/startup,existing,core-startup,product:startup,
245,ai trust platform pricing,Core Product,Commercial,Medium,P2,Landing/Product Page,/pricing,existing,core-pricing,product:pricing,
246,ai trust platform cost,Core Product,Commercial,Low,P2,Landing/Product Page,/pricing,existing,core-pricing,product:pricing,
247,ai trust platform free trial,Core Product,Commercial,Low,P2,Landing/Product Page,/book-demo,existing,core-demo,product:demo,
248,ai trust platform demo,Core Product,Commercial,Low,P2,Landing/Product Page,/book-demo,existing,core-demo,product:demo,
249,ai trust platform reviews,Core Product,Commercial,Low,P2,Landing/Product Page,/customer-stories,existing,core-reviews,product:reviews,
250,ai trust platform comparison,Core Product,Commercial,Low,P2,Landing/Product Page,/platform,existing,core-platform,product:platform,
251,ai trust platform 2026,Core Product,Commercial,Low,P2,Landing/Product Page,/platform,existing,core-platform,product:platform,
252,ai trust platform best,Core Product,Commercial,Low,P2,Landing/Product Page,/platform,existing,core-platform,product:platform,
253,ai trust platform top,Core Product,Commercial,Medium,P2,Landing/Product Page,/platform,existing,core-platform,product:platform,
254,ai trust platform leading,Core Product,Commercial,Low,P2,Landing/Product Page,/platform,existing,core-platform,product:platform,
255,ai trust platform affordable,Core Product,Commercial,Low,P2,Landing/Product Page,/platform,existing,core-platform,product:platform,
256,ai trust platform open source,Core Product,Commercial,Low,P2,Landing/Product Page,/platform,existing,core-platform,product:platform,
257,ai trust infrastructure,Core Product,Navigational/Commercial,Medium,P2,Landing/Product Page,/,existing,core-home,product:home,
258,ai trust infrastructure software,Core Product,Commercial,Medium,P2,Landing/Product Page,/platform,existing,core-platform,product:platform,
259,ai trust infrastructure platform,Core Product,Commercial,Medium,P2,Landing/Product Page,/platform,existing,core-platform,product:platform,
260,ai trust infrastructure tool,Core Product,Commercial,Medium,P2,Landing/Product Page,/platform,existing,core-platform,product:platform,
261,ai trust infrastructure tools,Core Product,Commercial,Low,P2,Landing/Product Page,/platform,existing,core-platform,product:platform,
262,ai trust infrastructure solution,Core Product,Commercial,Medium,P2,Landing/Product Page,/,existing,core-home,product:home,
263,ai trust infrastructure solutions,Core Product,Commercial,Low,P2,Landing/Product Page,/,existing,core-home,product:home,
264,ai trust infrastructure company,Core Product,Commercial,Medium,P2,Landing/Product Page,/,existing,core-home,product:home,
265,ai trust infrastructure companies,Core Product,Commercial,Medium,P2,Landing/Product Page,/,existing,core-home,product:home,
266,ai trust infrastructure vendor,Core Product,Commercial,Low,P2,Landing/Product Page,/,existing,core-home,product:home,
267,ai trust infrastructure vendors,Core Product,Commercial,Medium,P2,Landing/Product Page,/,existing,core-home,product:home,
268,ai trust infrastructure provider,Core Product,Commercial,Medium,P2,Landing/Product Page,/,existing,core-home,product:home,
269,ai trust infrastructure providers,Core Product,Commercial,Medium,P2,Landing/Product Page,/,existing,core-home,product:home,
270,ai trust infrastructure for startups,Core Product,Commercial,Low,P2,Landing/Product Page,/solutions/startup,existing,core-startup,product:startup,
271,ai trust infrastructure for enterprises,Core Product,Commercial,Low,P2,Landing/Product Page,/enterprise,existing,core-enterprise,product:enterprise,
272,ai trust infrastructure for saas companies,Core Product,Commercial,Low,P2,Landing/Product Page,/solutions/saas,existing,core-vertical,vertical:saas companies,
273,ai trust infrastructure for small business,Core Product,Commercial,Low,P2,Landing/Product Page,/solutions/startup,existing,core-startup,product:startup,
274,ai trust infrastructure pricing,Core Product,Commercial,Medium,P2,Landing/Product Page,/pricing,existing,core-pricing,product:pricing,
275,ai trust infrastructure cost,Core Product,Commercial,Low,P2,Landing/Product Page,/pricing,existing,core-pricing,product:pricing,
276,ai trust infrastructure free trial,Core Product,Commercial,Low,P2,Landing/Product Page,/book-demo,existing,core-demo,product:demo,
277,ai trust infrastructure demo,Core Product,Commercial,Low,P2,Landing/Product Page,/book-demo,existing,core-demo,product:demo,
278,ai trust infrastructure reviews,Core Product,Commercial,Medium,P2,Landing/Product Page,/customer-stories,existing,core-reviews,product:reviews,
279,ai trust infrastructure comparison,Core Product,Commercial,Low,P2,Landing/Product Page,/,existing,core-home,product:home,
280,ai trust infrastructure 2026,Core Product,Commercial,Medium,P2,Landing/Product Page,/,existing,core-home,product:home,
281,ai trust infrastructure best,Core Product,Commercial,Low,P2,Landing/Product Page,/,existing,core-home,product:home,
282,ai trust infrastructure top,Core Product,Commercial,Low,P2,Landing/Product Page,/,existing,core-home,product:home,
283,ai trust infrastructure leading,Core Product,Commercial,Medium,P2,Landing/Product Page,/,existing,core-home,product:home,
284,ai trust infrastructure affordable,Core Product,Commercial,Medium,P2,Landing/Product Page,/,existing,core-home,product:home,
285,ai trust infrastructure open source,Core Product,Commercial,Low,P2,Landing/Product Page,/,existing,core-home,product:home,
286,ai risk assessment,Core Product,Navigational/Commercial,High,P3 - Long Term,Landing/Product Page,/,existing,core-home,product:home,
287,ai risk assessment software,Core Product,Commercial,Medium,P2,Landing/Product Page,/platform,existing,core-platform,product:platform,
288,ai risk assessment platform,Core Product,Commercial,Low,P2,Landing/Product Page,/platform,existing,core-platform,product:platform,
289,ai risk assessment tool,Core Product,Commercial,Medium,P2,Landing/Product Page,/platform,existing,core-platform,product:platform,
290,ai risk assessment tools,Core Product,Commercial,Low,P2,Landing/Product Page,/platform,existing,core-platform,product:platform,
291,ai risk assessment solution,Core Product,Commercial,Low,P2,Landing/Product Page,/,existing,core-home,product:home,
292,ai risk assessment solutions,Core Product,Commercial,Medium,P2,Landing/Product Page,/,existing,core-home,product:home,
293,ai risk assessment company,Core Product,Commercial,Low,P2,Landing/Product Page,/,existing,core-home,product:home,
294,ai risk assessment companies,Core Product,Commercial,Low,P2,Landing/Product Page,/,existing,core-home,product:home,
295,ai risk assessment vendor,Core Product,Commercial,Low,P2,Landing/Product Page,/,existing,core-home,product:home,
296,ai risk assessment vendors,Core Product,Commercial,Medium,P2,Landing/Product Page,/,existing,core-home,product:home,
297,ai risk assessment provider,Core Product,Commercial,Medium,P2,Landing/Product Page,/,existing,core-home,product:home,
298,ai risk assessment providers,Core Product,Commercial,Low,P2,Landing/Product Page,/,existing,core-home,product:home,
299,ai risk assessment for startups,Core Product,Commercial,Medium,P2,Landing/Product Page,/solutions/startup,existing,core-startup,product:startup,
300,ai risk assessment for enterprises,Core Product,Commercial,Low,P2,Landing/Product Page,/enterprise,existing,core-enterprise,product:enterprise,
301,ai risk assessment for saas companies,Core Product,Commercial,Low,P2,Landing/Product Page,/solutions/saas,existing,core-vertical,vertical:saas companies,
302,ai risk assessment for small business,Core Product,Commercial,Low,P2,Landing/Product Page,/solutions/startup,existing,core-startup,product:startup,
303,ai risk assessment pricing,Core Product,Commercial,Medium,P2,Landing/Product Page,/pricing,existing,core-pricing,product:pricing,
304,ai risk assessment cost,Core Product,Commercial,Medium,P2,Landing/Product Page,/pricing,existing,core-pricing,product:pricing,
305,ai risk assessment free trial,Core Product,Commercial,Medium,P2,Landing/Product Page,/book-demo,existing,core-demo,product:demo,
306,ai risk assessment demo,Core Product,Commercial,Low,P2,Landing/Product Page,/book-demo,existing,core-demo,product:demo,
307,ai risk assessment reviews,Core Product,Commercial,Low,P2,Landing/Product Page,/customer-stories,existing,core-reviews,product:reviews,
308,ai risk assessment comparison,Core Product,Commercial,Medium,P2,Landing/Product Page,/,existing,core-home,product:home,
309,ai risk assessment 2026,Core Product,Commercial,Medium,P2,Landing/Product Page,/,existing,core-home,product:home,
310,ai risk assessment best,Core Product,Commercial,Low,P2,Landing/Product Page,/,existing,core-home,product:home,
311,ai risk assessment top,Core Product,Commercial,Low,P2,Landing/Product Page,/,existing,core-home,product:home,
312,ai risk assessment leading,Core Product,Commercial,Medium,P2,Landing/Product Page,/,existing,core-home,product:home,
313,ai risk assessment affordable,Core Product,Commercial,Low,P2,Landing/Product Page,/,existing,core-home,product:home,
314,ai risk assessment open source,Core Product,Commercial,Medium,P2,Landing/Product Page,/,existing,core-home,product:home,
315,ai compliance automation,Core Product,Navigational/Commercial,Medium,P2,Landing/Product Page,/,existing,core-home,product:home,
316,ai compliance automation software,Core Product,Commercial,Medium,P2,Landing/Product Page,/platform,existing,core-platform,product:platform,
317,ai compliance automation platform,Core Product,Commercial,Medium,P2,Landing/Product Page,/platform,existing,core-platform,product:platform,
318,ai compliance automation tool,Core Product,Commercial,Low,P2,Landing/Product Page,/platform,existing,core-platform,product:platform,
319,ai compliance automation tools,Core Product,Commercial,Low,P2,Landing/Product Page,/platform,existing,core-platform,product:platform,
320,ai compliance automation solution,Core Product,Commercial,Low,P2,Landing/Product Page,/,existing,core-home,product:home,
321,ai compliance automation solutions,Core Product,Commercial,Low,P2,Landing/Product Page,/,existing,core-home,product:home,
322,ai compliance automation company,Core Product,Commercial,Low,P2,Landing/Product Page,/,existing,core-home,product:home,
323,ai compliance automation companies,Core Product,Commercial,Medium,P2,Landing/Product Page,/,existing,core-home,product:home,
324,ai compliance automation vendor,Core Product,Commercial,Low,P2,Landing/Product Page,/,existing,core-home,product:home,
325,ai compliance automation vendors,Core Product,Commercial,Medium,P2,Landing/Product Page,/,existing,core-home,product:home,
326,ai compliance automation provider,Core Product,Commercial,Low,P2,Landing/Product Page,/,existing,core-home,product:home,
327,ai compliance automation providers,Core Product,Commercial,Low,P2,Landing/Product Page,/,existing,core-home,product:home,
328,ai compliance automation for startups,Core Product,Commercial,Medium,P2,Landing/Product Page,/solutions/startup,existing,core-startup,product:startup,
329,ai compliance automation for enterprises,Core Product,Commercial,Medium,P2,Landing/Product Page,/enterprise,existing,core-enterprise,product:enterprise,
330,ai compliance automation for saas companies,Core Product,Commercial,Low,P2,Landing/Product Page,/solutions/saas,existing,core-vertical,vertical:saas companies,
331,ai compliance automation for small business,Core Product,Commercial,Low,P2,Landing/Product Page,/solutions/startup,existing,core-startup,product:startup,
332,ai compliance automation pricing,Core Product,Commercial,Low,P2,Landing/Product Page,/pricing,existing,core-pricing,product:pricing,
333,ai compliance automation cost,Core Product,Commercial,Medium,P2,Landing/Product Page,/pricing,existing,core-pricing,product:pricing,
334,ai compliance automation free trial,Core Product,Commercial,Low,P2,Landing/Product Page,/book-demo,existing,core-demo,product:demo,
335,ai compliance automation demo,Core Product,Commercial,Low,P2,Landing/Product Page,/book-demo,existing,core-demo,product:demo,
336,ai compliance automation reviews,Core Product,Commercial,Low,P2,Landing/Product Page,/customer-stories,existing,core-reviews,product:reviews,
337,ai compliance automation comparison,Core Product,Commercial,Medium,P2,Landing/Product Page,/,existing,core-home,product:home,
338,ai compliance automation 2026,Core Product,Commercial,Medium,P2,Landing/Product Page,/,existing,core-home,product:home,
339,ai compliance automation best,Core Product,Commercial,Low,P2,Landing/Product Page,/,existing,core-home,product:home,
340,ai compliance automation top,Core Product,Commercial,Low,P2,Landing/Product Page,/,existing,core-home,product:home,
341,ai compliance automation leading,Core Product,Commercial,Low,P2,Landing/Product Page,/,existing,core-home,product:home,
342,ai compliance automation affordable,Core Product,Commercial,Low,P2,Landing/Product Page,/,existing,core-home,product:home,
343,ai compliance automation open source,Core Product,Commercial,Medium,P2,Landing/Product Page,/,existing,core-home,product:home,
344,ai governance automation,Core Product,Navigational/Commercial,Medium,P2,Landing/Product Page,/,existing,core-home,product:home,
345,ai governance automation software,Core Product,Commercial,Low,P2,Landing/Product Page,/platform,existing,core-platform,product:platform,
346,ai governance automation platform,Core Product,Commercial,Medium,P2,Landing/Product Page,/platform,existing,core-platform,product:platform,
347,ai governance automation tool,Core Product,Commercial,Medium,P2,Landing/Product Page,/platform,existing,core-platform,product:platform,
348,ai governance automation tools,Core Product,Commercial,Low,P2,Landing/Product Page,/platform,existing,core-platform,product:platform,
349,ai governance automation solution,Core Product,Commercial,Medium,P2,Landing/Product Page,/,existing,core-home,product:home,
350,ai governance automation solutions,Core Product,Commercial,Low,P2,Landing/Product Page,/,existing,core-home,product:home,
351,ai governance automation company,Core Product,Commercial,Low,P2,Landing/Product Page,/,existing,core-home,product:home,
352,ai governance automation companies,Core Product,Commercial,Medium,P2,Landing/Product Page,/,existing,core-home,product:home,
353,ai governance automation vendor,Core Product,Commercial,Low,P2,Landing/Product Page,/,existing,core-home,product:home,
354,ai governance automation vendors,Core Product,Commercial,Medium,P2,Landing/Product Page,/,existing,core-home,product:home,
355,ai governance automation provider,Core Product,Commercial,Low,P2,Landing/Product Page,/,existing,core-home,product:home,
356,ai governance automation providers,Core Product,Commercial,Low,P2,Landing/Product Page,/,existing,core-home,product:home,
357,ai governance automation for startups,Core Product,Commercial,Medium,P2,Landing/Product Page,/solutions/startup,existing,core-startup,product:startup,
358,ai governance automation for enterprises,Core Product,Commercial,Medium,P2,Landing/Product Page,/enterprise,existing,core-enterprise,product:enterprise,
359,ai governance automation for saas companies,Core Product,Commercial,Low,P2,Landing/Product Page,/solutions/saas,existing,core-vertical,vertical:saas companies,
360,ai governance automation for small business,Core Product,Commercial,Low,P2,Landing/Product Page,/solutions/startup,existing,core-startup,product:startup,
361,ai governance automation pricing,Core Product,Commercial,Medium,P2,Landing/Product Page,/pricing,existing,core-pricing,product:pricing,
362,ai governance automation cost,Core Product,Commercial,Low,P2,Landing/Product Page,/pricing,existing,core-pricing,product:pricing,
363,ai governance automation free trial,Core Product,Commercial,Low,P2,Landing/Product Page,/book-demo,existing,core-demo,product:demo,
364,ai governance automation demo,Core Product,Commercial,Low,P2,Landing/Product Page,/book-demo,existing,core-demo,product:demo,
365,ai governance automation reviews,Core Product,Commercial,Low,P2,Landing/Product Page,/customer-stories,existing,core-reviews,product:reviews,
366,ai governance automation comparison,Core Product,Commercial,Medium,P2,Landing/Product Page,/,existing,core-home,product:home,
367,ai governance automation 2026,Core Product,Commercial,Medium,P2,Landing/Product Page,/,existing,core-home,product:home,
368,ai governance automation best,Core Product,Commercial,Medium,P2,Landing/Product Page,/,existing,core-home,product:home,
369,ai governance automation top,Core Product,Commercial,Low,P2,Landing/Product Page,/,existing,core-home,product:home,
370,ai governance automation leading,Core Product,Commercial,Medium,P2,Landing/Product Page,/,existing,core-home,product:home,
371,ai governance automation affordable,Core Product,Commercial,Medium,P2,Landing/Product Page,/,existing,core-home,product:home,
372,ai governance automation open source,Core Product,Commercial,Medium,P2,Landing/Product Page,/,existing,core-home,product:home,
373,ai inventory management,Core Product,Navigational/Commercial,High,P3 - Long Term,Landing/Product Page,/,existing,core-home,product:home,
374,ai inventory management software,Core Product,Commercial,Low,P2,Landing/Product Page,/platform,existing,core-platform,product:platform,
375,ai inventory management platform,Core Product,Commercial,Low,P2,Landing/Product Page,/platform,existing,core-platform,product:platform,
376,ai inventory management tool,Core Product,Commercial,Medium,P2,Landing/Product Page,/platform,existing,core-platform,product:platform,
377,ai inventory management tools,Core Product,Commercial,Low,P2,Landing/Product Page,/platform,existing,core-platform,product:platform,
378,ai inventory management solution,Core Product,Commercial,Medium,P2,Landing/Product Page,/,existing,core-home,product:home,
379,ai inventory management solutions,Core Product,Commercial,Low,P2,Landing/Product Page,/,existing,core-home,product:home,
380,ai inventory management company,Core Product,Commercial,Low,P2,Landing/Product Page,/,existing,core-home,product:home,
381,ai inventory management companies,Core Product,Commercial,Medium,P2,Landing/Product Page,/,existing,core-home,product:home,
382,ai inventory management vendor,Core Product,Commercial,Medium,P2,Landing/Product Page,/,existing,core-home,product:home,
383,ai inventory management vendors,Core Product,Commercial,Medium,P2,Landing/Product Page,/,existing,core-home,product:home,
384,ai inventory management provider,Core Product,Commercial,Medium,P2,Landing/Product Page,/,existing,core-home,product:home,
385,ai inventory management providers,Core Product,Commercial,Low,P2,Landing/Product Page,/,existing,core-home,product:home,
386,ai inventory management for startups,Core Product,Commercial,Medium,P2,Landing/Product Page,/solutions/startup,existing,core-startup,product:startup,
387,ai inventory management for enterprises,Core Product,Commercial,Low,P2,Landing/Product Page,/enterprise,existing,core-enterprise,product:enterprise,
388,ai inventory management for saas companies,Core Product,Commercial,Low,P2,Landing/Product Page,/solutions/saas,existing,core-vertical,vertical:saas companies,
389,ai inventory management for small business,Core Product,Commercial,Low,P2,Landing/Product Page,/solutions/startup,existing,core-startup,product:startup,
390,ai inventory management pricing,Core Product,Commercial,Medium,P2,Landing/Product Page,/pricing,existing,core-pricing,product:pricing,
391,ai inventory management cost,Core Product,Commercial,Low,P2,Landing/Product Page,/pricing,existing,core-pricing,product:pricing,
392,ai inventory management free trial,Core Product,Commercial,Medium,P2,Landing/Product Page,/book-demo,existing,core-demo,product:demo,
393,ai inventory management demo,Core Product,Commercial,Low,P2,Landing/Product Page,/book-demo,existing,core-demo,product:demo,
394,ai inventory management reviews,Core Product,Commercial,Low,P2,Landing/Product Page,/customer-stories,existing,core-reviews,product:reviews,
395,ai inventory management comparison,Core Product,Commercial,Medium,P2,Landing/Product Page,/,existing,core-home,product:home,
396,ai inventory management 2026,Core Product,Commercial,Medium,P2,Landing/Product Page,/,existing,core-home,product:home,
397,ai inventory management best,Core Product,Commercial,Low,P2,Landing/Product Page,/,existing,core-home,product:home,
398,ai inventory management top,Core Product,Commercial,Medium,P2,Landing/Product Page,/,existing,core-home,product:home,
399,ai inventory management leading,Core Product,Commercial,Medium,P2,Landing/Product Page,/,existing,core-home,product:home,
400,ai inventory management affordable,Core Product,Commercial,Low,P2,Landing/Product Page,/,existing,core-home,product:home,
401,ai inventory management open source,Core Product,Commercial,Medium,P2,Landing/Product Page,/,existing,core-home,product:home,
402,shadow ai discovery,Core Product,Navigational/Commercial,High,P3 - Long Term,Landing/Product Page,/,existing,core-home,product:home,
403,shadow ai discovery software,Core Product,Commercial,Medium,P2,Landing/Product Page,/platform,existing,core-platform,product:platform,
404,shadow ai discovery platform,Core Product,Commercial,Medium,P2,Landing/Product Page,/platform,existing,core-platform,product:platform,
405,shadow ai discovery tool,Core Product,Commercial,Medium,P2,Landing/Product Page,/platform,existing,core-platform,product:platform,
406,shadow ai discovery tools,Core Product,Commercial,Medium,P2,Landing/Product Page,/platform,existing,core-platform,product:platform,
407,shadow ai discovery solution,Core Product,Commercial,Low,P2,Landing/Product Page,/,existing,core-home,product:home,
408,shadow ai discovery solutions,Core Product,Commercial,Low,P2,Landing/Product Page,/,existing,core-home,product:home,
409,shadow ai discovery company,Core Product,Commercial,Medium,P2,Landing/Product Page,/,existing,core-home,product:home,
410,shadow ai discovery companies,Core Product,Commercial,Medium,P2,Landing/Product Page,/,existing,core-home,product:home,
411,shadow ai discovery vendor,Core Product,Commercial,Low,P2,Landing/Product Page,/,existing,core-home,product:home,
412,shadow ai discovery vendors,Core Product,Commercial,Medium,P2,Landing/Product Page,/,existing,core-home,product:home,
413,shadow ai discovery provider,Core Product,Commercial,Medium,P2,Landing/Product Page,/,existing,core-home,product:home,
414,shadow ai discovery providers,Core Product,Commercial,Low,P2,Landing/Product Page,/,existing,core-home,product:home,
415,shadow ai discovery for startups,Core Product,Commercial,Medium,P2,Landing/Product Page,/solutions/startup,existing,core-startup,product:startup,
416,shadow ai discovery for enterprises,Core Product,Commercial,Medium,P2,Landing/Product Page,/enterprise,existing,core-enterprise,product:enterprise,
417,shadow ai discovery for saas companies,Core Product,Commercial,Low,P2,Landing/Product Page,/solutions/saas,existing,core-vertical,vertical:saas companies,
418,shadow ai discovery for small business,Core Product,Commercial,Low,P2,Landing/Product Page,/solutions/startup,existing,core-startup,product:startup,
419,shadow ai discovery pricing,Core Product,Commercial,Low,P2,Landing/Product Page,/pricing,existing,core-pricing,product:pricing,
420,shadow ai discovery cost,Core Product,Commercial,Medium,P2,Landing/Product Page,/pricing,existing,core-pricing,product:pricing,
421,shadow ai discovery free trial,Core Product,Commercial,Medium,P2,Landing/Product Page,/book-demo,existing,core-demo,product:demo,
422,shadow ai discovery demo,Core Product,Commercial,Medium,P2,Landing/Product Page,/book-demo,existing,core-demo,product:demo,
423,shadow ai discovery reviews,Core Product,Commercial,Medium,P2,Landing/Product Page,/customer-stories,existing,core-reviews,product:reviews,
424,shadow ai discovery comparison,Core Product,Commercial,Medium,P2,Landing/Product Page,/,existing,core-home,product:home,
425,shadow ai discovery 2026,Core Product,Commercial,Low,P2,Landing/Product Page,/,existing,core-home,product:home,
426,shadow ai discovery best,Core Product,Commercial,Medium,P2,Landing/Product Page,/,existing,core-home,product:home,
427,shadow ai discovery top,Core Product,Commercial,Low,P2,Landing/Product Page,/,existing,core-home,product:home,
428,shadow ai discovery leading,Core Product,Commercial,Low,P2,Landing/Product Page,/,existing,core-home,product:home,
429,shadow ai discovery affordable,Core Product,Commercial,Medium,P2,Landing/Product Page,/,existing,core-home,product:home,
430,shadow ai discovery open source,Core Product,Commercial,Medium,P2,Landing/Product Page,/,existing,core-home,product:home,
431,ai observability,Core Product,Navigational/Commercial,High,P3 - Long Term,Landing/Product Page,/,existing,core-home,product:home,
432,ai observability software,Core Product,Commercial,Medium,P2,Landing/Product Page,/platform,existing,core-platform,product:platform,
433,ai observability platform,Core Product,Commercial,Medium,P2,Landing/Product Page,/platform,existing,core-platform,product:platform,
434,ai observability tool,Core Product,Commercial,High,P3 - Long Term,Landing/Product Page,/platform,existing,core-platform,product:platform,
435,ai observability tools,Core Product,Commercial,Medium,P2,Landing/Product Page,/platform,existing,core-platform,product:platform,
436,ai observability solution,Core Product,Commercial,Medium,P2,Landing/Product Page,/,existing,core-home,product:home,
437,ai observability solutions,Core Product,Commercial,Medium,P2,Landing/Product Page,/,existing,core-home,product:home,
438,ai observability company,Core Product,Commercial,Medium,P2,Landing/Product Page,/,existing,core-home,product:home,
439,ai observability companies,Core Product,Commercial,Medium,P2,Landing/Product Page,/,existing,core-home,product:home,
440,ai observability vendor,Core Product,Commercial,Medium,P2,Landing/Product Page,/,existing,core-home,product:home,
441,ai observability vendors,Core Product,Commercial,High,P3 - Long Term,Landing/Product Page,/,existing,core-home,product:home,
442,ai observability provider,Core Product,Commercial,Medium,P2,Landing/Product Page,/,existing,core-home,product:home,
443,ai observability providers,Core Product,Commercial,High,P3 - Long Term,Landing/Product Page,/,existing,core-home,product:home,
444,ai observability for startups,Core Product,Commercial,Medium,P2,Landing/Product Page,/solutions/startup,existing,core-startup,product:startup,
445,ai observability for enterprises,Core Product,Commercial,Low,P2,Landing/Product Page,/enterprise,existing,core-enterprise,product:enterprise,
446,ai observability for saas companies,Core Product,Commercial,Medium,P2,Landing/Product Page,/solutions/saas,existing,core-vertical,vertical:saas companies,
447,ai observability for small business,Core Product,Commercial,Medium,P2,Landing/Product Page,/solutions/startup,existing,core-startup,product:startup,
448,ai observability pricing,Core Product,Commercial,High,P3 - Long Term,Landing/Product Page,/pricing,existing,core-pricing,product:pricing,
449,ai observability cost,Core Product,Commercial,Medium,P2,Landing/Product Page,/pricing,existing,core-pricing,product:pricing,
450,ai observability free trial,Core Product,Commercial,Low,P2,Landing/Product Page,/book-demo,existing,core-demo,product:demo,
451,ai observability demo,Core Product,Commercial,Medium,P2,Landing/Product Page,/book-demo,existing,core-demo,product:demo,
452,ai observability reviews,Core Product,Commercial,Medium,P2,Landing/Product Page,/customer-stories,existing,core-reviews,product:reviews,
453,ai observability comparison,Core Product,Commercial,High,P3 - Long Term,Landing/Product Page,/,existing,core-home,product:home,
454,ai observability 2026,Core Product,Commercial,Medium,P2,Landing/Product Page,/,existing,core-home,product:home,
455,ai observability best,Core Product,Commercial,Medium,P2,Landing/Product Page,/,existing,core-home,product:home,
456,ai observability top,Core Product,Commercial,High,P3 - Long Term,Landing/Product Page,/,existing,core-home,product:home,
457,ai observability leading,Core Product,Commercial,Medium,P2,Landing/Product Page,/,existing,core-home,product:home,
458,ai observability affordable,Core Product,Commercial,Medium,P2,Landing/Product Page,/,existing,core-home,product:home,
459,ai observability open source,Core Product,Commercial,Low,P2,Landing/Product Page,/,existing,core-home,product:home,
460,ai evidence management,Core Product,Navigational/Commercial,High,P3 - Long Term,Landing/Product Page,/,existing,core-home,product:home,
461,ai evidence management software,Core Product,Commercial,Low,P2,Landing/Product Page,/platform,existing,core-platform,product:platform,
462,ai evidence management platform,Core Product,Commercial,Medium,P2,Landing/Product Page,/platform,existing,core-platform,product:platform,
463,ai evidence management tool,Core Product,Commercial,Medium,P2,Landing/Product Page,/platform,existing,core-platform,product:platform,
464,ai evidence management tools,Core Product,Commercial,Medium,P2,Landing/Product Page,/platform,existing,core-platform,product:platform,
465,ai evidence management solution,Core Product,Commercial,Medium,P2,Landing/Product Page,/,existing,core-home,product:home,
466,ai evidence management solutions,Core Product,Commercial,Medium,P2,Landing/Product Page,/,existing,core-home,product:home,
467,ai evidence management company,Core Product,Commercial,Low,P2,Landing/Product Page,/,existing,core-home,product:home,
468,ai evidence management companies,Core Product,Commercial,Medium,P2,Landing/Product Page,/,existing,core-home,product:home,
469,ai evidence management vendor,Core Product,Commercial,Medium,P2,Landing/Product Page,/,existing,core-home,product:home,
470,ai evidence management vendors,Core Product,Commercial,Medium,P2,Landing/Product Page,/,existing,core-home,product:home,
471,ai evidence management provider,Core Product,Commercial,Low,P2,Landing/Product Page,/,existing,core-home,product:home,
472,ai evidence management providers,Core Product,Commercial,Medium,P2,Landing/Product Page,/,existing,core-home,product:home,
473,ai evidence management for startups,Core Product,Commercial,Medium,P2,Landing/Product Page,/solutions/startup,existing,core-startup,product:startup,
474,ai evidence management for enterprises,Core Product,Commercial,Low,P2,Landing/Product Page,/enterprise,existing,core-enterprise,product:enterprise,
475,ai evidence management for saas companies,Core Product,Commercial,Low,P2,Landing/Product Page,/solutions/saas,existing,core-vertical,vertical:saas companies,
476,ai evidence management for small business,Core Product,Commercial,Low,P2,Landing/Product Page,/solutions/startup,existing,core-startup,product:startup,
477,ai evidence management pricing,Core Product,Commercial,Medium,P2,Landing/Product Page,/pricing,existing,core-pricing,product:pricing,
478,ai evidence management cost,Core Product,Commercial,Medium,P2,Landing/Product Page,/pricing,existing,core-pricing,product:pricing,
479,ai evidence management free trial,Core Product,Commercial,Low,P2,Landing/Product Page,/book-demo,existing,core-demo,product:demo,
480,ai evidence management demo,Core Product,Commercial,Medium,P2,Landing/Product Page,/book-demo,existing,core-demo,product:demo,
481,ai evidence management reviews,Core Product,Commercial,Low,P2,Landing/Product Page,/customer-stories,existing,core-reviews,product:reviews,
482,ai evidence management comparison,Core Product,Commercial,Medium,P2,Landing/Product Page,/,existing,core-home,product:home,
483,ai evidence management 2026,Core Product,Commercial,Medium,P2,Landing/Product Page,/,existing,core-home,product:home,
484,ai evidence management best,Core Product,Commercial,Medium,P2,Landing/Product Page,/,existing,core-home,product:home,
485,ai evidence management top,Core Product,Commercial,Low,P2,Landing/Product Page,/,existing,core-home,product:home,
486,ai evidence management leading,Core Product,Commercial,Low,P2,Landing/Product Page,/,existing,core-home,product:home,
487,ai evidence management affordable,Core Product,Commercial,Low,P2,Landing/Product Page,/,existing,core-home,product:home,
488,ai evidence management open source,Core Product,Commercial,Low,P2,Landing/Product Page,/,existing,core-home,product:home,
489,ai compliance monitoring,Core Product,Navigational/Commercial,High,P3 - Long Term,Landing/Product Page,/,existing,core-home,product:home,
490,ai compliance monitoring software,Core Product,Commercial,Low,P2,Landing/Product Page,/platform,existing,core-platform,product:platform,
491,ai compliance monitoring platform,Core Product,Commercial,Low,P2,Landing/Product Page,/platform,existing,core-platform,product:platform,
492,ai compliance monitoring tool,Core Product,Commercial,Low,P2,Landing/Product Page,/platform,existing,core-platform,product:platform,
493,ai compliance monitoring tools,Core Product,Commercial,Medium,P2,Landing/Product Page,/platform,existing,core-platform,product:platform,
494,ai compliance monitoring solution,Core Product,Commercial,Medium,P2,Landing/Product Page,/,existing,core-home,product:home,
495,ai compliance monitoring solutions,Core Product,Commercial,Medium,P2,Landing/Product Page,/,existing,core-home,product:home,
496,ai compliance monitoring company,Core Product,Commercial,Medium,P2,Landing/Product Page,/,existing,core-home,product:home,
497,ai compliance monitoring companies,Core Product,Commercial,Medium,P2,Landing/Product Page,/,existing,core-home,product:home,
498,ai compliance monitoring vendor,Core Product,Commercial,Low,P2,Landing/Product Page,/,existing,core-home,product:home,
499,ai compliance monitoring vendors,Core Product,Commercial,Low,P2,Landing/Product Page,/,existing,core-home,product:home,
500,ai compliance monitoring provider,Core Product,Commercial,Medium,P2,Landing/Product Page,/,existing,core-home,product:home,
501,ai compliance monitoring providers,Core Product,Commercial,Medium,P2,Landing/Product Page,/,existing,core-home,product:home,
502,ai compliance monitoring for startups,Core Product,Commercial,Low,P2,Landing/Product Page,/solutions/startup,existing,core-startup,product:startup,
503,ai compliance monitoring for enterprises,Core Product,Commercial,Medium,P2,Landing/Product Page,/enterprise,existing,core-enterprise,product:enterprise,
504,ai compliance monitoring for saas companies,Core Product,Commercial,Low,P2,Landing/Product Page,/solutions/saas,existing,core-vertical,vertical:saas companies,
505,ai compliance monitoring for small business,Core Product,Commercial,Low,P2,Landing/Product Page,/solutions/startup,existing,core-startup,product:startup,
506,ai compliance monitoring pricing,Core Product,Commercial,Medium,P2,Landing/Product Page,/pricing,existing,core-pricing,product:pricing,
507,ai compliance monitoring cost,Core Product,Commercial,Low,P2,Landing/Product Page,/pricing,existing,core-pricing,product:pricing,
508,ai compliance monitoring free trial,Core Product,Commercial,Medium,P2,Landing/Product Page,/book-demo,existing,core-demo,product:demo,
509,ai compliance monitoring demo,Core Product,Commercial,Medium,P2,Landing/Product Page,/book-demo,existing,core-demo,product:demo,
510,ai compliance monitoring reviews,Core Product,Commercial,Medium,P2,Landing/Product Page,/customer-stories,existing,core-reviews,product:reviews,
511,ai compliance monitoring comparison,Core Product,Commercial,Medium,P2,Landing/Product Page,/,existing,core-home,product:home,
512,ai compliance monitoring 2026,Core Product,Commercial,Low,P2,Landing/Product Page,/,existing,core-home,product:home,
513,ai compliance monitoring best,Core Product,Commercial,Medium,P2,Landing/Product Page,/,existing,core-home,product:home,
514,ai compliance monitoring top,Core Product,Commercial,Low,P2,Landing/Product Page,/,existing,core-home,product:home,
515,ai compliance monitoring leading,Core Product,Commercial,Medium,P2,Landing/Product Page,/,existing,core-home,product:home,
516,ai compliance monitoring affordable,Core Product,Commercial,Medium,P2,Landing/Product Page,/,existing,core-home,product:home,
517,ai compliance monitoring open source,Core Product,Commercial,Medium,P2,Landing/Product Page,/,existing,core-home,product:home,
518,ai risk register,Core Product,Navigational/Commercial,Medium,P2,Landing/Product Page,/,existing,core-home,product:home,
519,ai risk register software,Core Product,Commercial,Medium,P2,Landing/Product Page,/platform,existing,core-platform,product:platform,
520,ai risk register platform,Core Product,Commercial,Medium,P2,Landing/Product Page,/platform,existing,core-platform,product:platform,
521,ai risk register tool,Core Product,Commercial,Medium,P2,Landing/Product Page,/platform,existing,core-platform,product:platform,
522,ai risk register tools,Core Product,Commercial,Low,P2,Landing/Product Page,/platform,existing,core-platform,product:platform,
523,ai risk register solution,Core Product,Commercial,Medium,P2,Landing/Product Page,/,existing,core-home,product:home,
524,ai risk register solutions,Core Product,Commercial,Low,P2,Landing/Product Page,/,existing,core-home,product:home,
525,ai risk register company,Core Product,Commercial,Low,P2,Landing/Product Page,/,existing,core-home,product:home,
526,ai risk register companies,Core Product,Commercial,Medium,P2,Landing/Product Page,/,existing,core-home,product:home,
527,ai risk register vendor,Core Product,Commercial,Low,P2,Landing/Product Page,/,existing,core-home,product:home,
528,ai risk register vendors,Core Product,Commercial,Low,P2,Landing/Product Page,/,existing,core-home,product:home,
529,ai risk register provider,Core Product,Commercial,Medium,P2,Landing/Product Page,/,existing,core-home,product:home,
530,ai risk register providers,Core Product,Commercial,Low,P2,Landing/Product Page,/,existing,core-home,product:home,
531,ai risk register for startups,Core Product,Commercial,Medium,P2,Landing/Product Page,/solutions/startup,existing,core-startup,product:startup,
532,ai risk register for enterprises,Core Product,Commercial,Low,P2,Landing/Product Page,/enterprise,existing,core-enterprise,product:enterprise,
533,ai risk register for saas companies,Core Product,Commercial,Low,P2,Landing/Product Page,/solutions/saas,existing,core-vertical,vertical:saas companies,
534,ai risk register for small business,Core Product,Commercial,Low,P2,Landing/Product Page,/solutions/startup,existing,core-startup,product:startup,
535,ai risk register pricing,Core Product,Commercial,Low,P2,Landing/Product Page,/pricing,existing,core-pricing,product:pricing,
536,ai risk register cost,Core Product,Commercial,Medium,P2,Landing/Product Page,/pricing,existing,core-pricing,product:pricing,
537,ai risk register free trial,Core Product,Commercial,Medium,P2,Landing/Product Page,/book-demo,existing,core-demo,product:demo,
538,ai risk register demo,Core Product,Commercial,Medium,P2,Landing/Product Page,/book-demo,existing,core-demo,product:demo,
539,ai risk register reviews,Core Product,Commercial,Low,P2,Landing/Product Page,/customer-stories,existing,core-reviews,product:reviews,
540,ai risk register comparison,Core Product,Commercial,Medium,P2,Landing/Product Page,/,existing,core-home,product:home,
541,ai risk register 2026,Core Product,Commercial,Medium,P2,Landing/Product Page,/,existing,core-home,product:home,
542,ai risk register best,Core Product,Commercial,Medium,P2,Landing/Product Page,/,existing,core-home,product:home,
543,ai risk register top,Core Product,Commercial,Medium,P2,Landing/Product Page,/,existing,core-home,product:home,
544,ai risk register leading,Core Product,Commercial,Medium,P2,Landing/Product Page,/,existing,core-home,product:home,
545,ai risk register affordable,Core Product,Commercial,Medium,P2,Landing/Product Page,/,existing,core-home,product:home,
546,ai risk register open source,Core Product,Commercial,Medium,P2,Landing/Product Page,/,existing,core-home,product:home,
547,ai model card,Core Product,Navigational/Commercial,Medium,P2,Landing/Product Page,/,existing,core-home,product:home,
548,ai model card software,Core Product,Commercial,Medium,P2,Landing/Product Page,/platform,existing,core-platform,product:platform,
549,ai model card platform,Core Product,Commercial,Low,P2,Landing/Product Page,/platform,existing,core-platform,product:platform,
550,ai model card tool,Core Product,Commercial,Low,P2,Landing/Product Page,/platform,existing,core-platform,product:platform,
551,ai model card tools,Core Product,Commercial,Medium,P2,Landing/Product Page,/platform,existing,core-platform,product:platform,
552,ai model card solution,Core Product,Commercial,Low,P2,Landing/Product Page,/,existing,core-home,product:home,
553,ai model card solutions,Core Product,Commercial,Low,P2,Landing/Product Page,/,existing,core-home,product:home,
554,ai model card company,Core Product,Commercial,Low,P2,Landing/Product Page,/,existing,core-home,product:home,
555,ai model card companies,Core Product,Commercial,Low,P2,Landing/Product Page,/,existing,core-home,product:home,
556,ai model card vendor,Core Product,Commercial,Low,P2,Landing/Product Page,/,existing,core-home,product:home,
557,ai model card vendors,Core Product,Commercial,Low,P2,Landing/Product Page,/,existing,core-home,product:home,
558,ai model card provider,Core Product,Commercial,Low,P2,Landing/Product Page,/,existing,core-home,product:home,
559,ai model card providers,Core Product,Commercial,Low,P2,Landing/Product Page,/,existing,core-home,product:home,
560,ai model card for startups,Core Product,Commercial,Low,P2,Landing/Product Page,/solutions/startup,existing,core-startup,product:startup,
561,ai model card for enterprises,Core Product,Commercial,Low,P2,Landing/Product Page,/enterprise,existing,core-enterprise,product:enterprise,
562,ai model card for saas companies,Core Product,Commercial,Low,P2,Landing/Product Page,/solutions/saas,existing,core-vertical,vertical:saas companies,
563,ai model card for small business,Core Product,Commercial,Low,P2,Landing/Product Page,/solutions/startup,existing,core-startup,product:startup,
564,ai model card pricing,Core Product,Commercial,Medium,P2,Landing/Product Page,/pricing,existing,core-pricing,product:pricing,
565,ai model card cost,Core Product,Commercial,Low,P2,Landing/Product Page,/pricing,existing,core-pricing,product:pricing,
566,ai model card free trial,Core Product,Commercial,Low,P2,Landing/Product Page,/book-demo,existing,core-demo,product:demo,
567,ai model card demo,Core Product,Commercial,Medium,P2,Landing/Product Page,/book-demo,existing,core-demo,product:demo,
568,ai model card reviews,Core Product,Commercial,Medium,P2,Landing/Product Page,/customer-stories,existing,core-reviews,product:reviews,
569,ai model card comparison,Core Product,Commercial,Medium,P2,Landing/Product Page,/,existing,core-home,product:home,
570,ai model card 2026,Core Product,Commercial,Low,P2,Landing/Product Page,/,existing,core-home,product:home,
571,ai model card best,Core Product,Commercial,Low,P2,Landing/Product Page,/,existing,core-home,product:home,
572,ai model card top,Core Product,Commercial,Low,P2,Landing/Product Page,/,existing,core-home,product:home,
573,ai model card leading,Core Product,Commercial,Medium,P2,Landing/Product Page,/,existing,core-home,product:home,
574,ai model card affordable,Core Product,Commercial,Low,P2,Landing/Product Page,/,existing,core-home,product:home,
575,ai model card open source,Core Product,Commercial,Low,P2,Landing/Product Page,/,existing,core-home,product:home,
576,ai bias testing,Core Product,Navigational/Commercial,High,P3 - Long Term,Landing/Product Page,/,existing,core-home,product:home,
577,ai bias testing software,Core Product,Commercial,Medium,P2,Landing/Product Page,/platform,existing,core-platform,product:platform,
578,ai bias testing platform,Core Product,Commercial,Medium,P2,Landing/Product Page,/platform,existing,core-platform,product:platform,
579,ai bias testing tool,Core Product,Commercial,Low,P2,Landing/Product Page,/platform,existing,core-platform,product:platform,
580,ai bias testing tools,Core Product,Commercial,Low,P2,Landing/Product Page,/platform,existing,core-platform,product:platform,
581,ai bias testing solution,Core Product,Commercial,Low,P2,Landing/Product Page,/,existing,core-home,product:home,
582,ai bias testing solutions,Core Product,Commercial,Low,P2,Landing/Product Page,/,existing,core-home,product:home,
583,ai bias testing company,Core Product,Commercial,Medium,P2,Landing/Product Page,/,existing,core-home,product:home,
584,ai bias testing companies,Core Product,Commercial,Low,P2,Landing/Product Page,/,existing,core-home,product:home,
585,ai bias testing vendor,Core Product,Commercial,Low,P2,Landing/Product Page,/,existing,core-home,product:home,
586,ai bias testing vendors,Core Product,Commercial,Medium,P2,Landing/Product Page,/,existing,core-home,product:home,
587,ai bias testing provider,Core Product,Commercial,Medium,P2,Landing/Product Page,/,existing,core-home,product:home,
588,ai bias testing providers,Core Product,Commercial,Medium,P2,Landing/Product Page,/,existing,core-home,product:home,
589,ai bias testing for startups,Core Product,Commercial,Low,P2,Landing/Product Page,/solutions/startup,existing,core-startup,product:startup,
590,ai bias testing for enterprises,Core Product,Commercial,Medium,P2,Landing/Product Page,/enterprise,existing,core-enterprise,product:enterprise,
591,ai bias testing for saas companies,Core Product,Commercial,Low,P2,Landing/Product Page,/solutions/saas,existing,core-vertical,vertical:saas companies,
592,ai bias testing for small business,Core Product,Commercial,Low,P2,Landing/Product Page,/solutions/startup,existing,core-startup,product:startup,
593,ai bias testing pricing,Core Product,Commercial,Low,P2,Landing/Product Page,/pricing,existing,core-pricing,product:pricing,
594,ai bias testing cost,Core Product,Commercial,Medium,P2,Landing/Product Page,/pricing,existing,core-pricing,product:pricing,
595,ai bias testing free trial,Core Product,Commercial,Medium,P2,Landing/Product Page,/book-demo,existing,core-demo,product:demo,
596,ai bias testing demo,Core Product,Commercial,Low,P2,Landing/Product Page,/book-demo,existing,core-demo,product:demo,
597,ai bias testing reviews,Core Product,Commercial,Medium,P2,Landing/Product Page,/customer-stories,existing,core-reviews,product:reviews,
598,ai bias testing comparison,Core Product,Commercial,Medium,P2,Landing/Product Page,/,existing,core-home,product:home,
599,ai bias testing 2026,Core Product,Commercial,Medium,P2,Landing/Product Page,/,existing,core-home,product:home,
600,ai bias testing best,Core Product,Commercial,Low,P2,Landing/Product Page,/,existing,core-home,product:home,
601,ai bias testing top,Core Product,Commercial,Medium,P2,Landing/Product Page,/,existing,core-home,product:home,
602,ai bias testing leading,Core Product,Commercial,Low,P2,Landing/Product Page,/,existing,core-home,product:home,
603,ai bias testing affordable,Core Product,Commercial,Medium,P2,Landing/Product Page,/,existing,core-home,product:home,
604,ai bias testing open source,Core Product,Commercial,Medium,P2,Landing/Product Page,/,existing,core-home,product:home,
605,ai audit trail,Core Product,Navigational/Commercial,High,P3 - Long Term,Landing/Product Page,/,existing,core-home,product:home,
606,ai audit trail software,Core Product,Commercial,Medium,P2,Landing/Product Page,/platform,existing,core-platform,product:platform,
607,ai audit trail platform,Core Product,Commercial,Medium,P2,Landing/Product Page,/platform,existing,core-platform,product:platform,
608,ai audit trail tool,Core Product,Commercial,Medium,P2,Landing/Product Page,/platform,existing,core-platform,product:platform,
609,ai audit trail tools,Core Product,Commercial,Low,P2,Landing/Product Page,/platform,existing,core-platform,product:platform,
610,ai audit trail solution,Core Product,Commercial,Low,P2,Landing/Product Page,/,existing,core-home,product:home,
611,ai audit trail solutions,Core Product,Commercial,Medium,P2,Landing/Product Page,/,existing,core-home,product:home,
612,ai audit trail company,Core Product,Commercial,Medium,P2,Landing/Product Page,/,existing,core-home,product:home,
613,ai audit trail companies,Core Product,Commercial,Low,P2,Landing/Product Page,/,existing,core-home,product:home,
614,ai audit trail vendor,Core Product,Commercial,Medium,P2,Landing/Product Page,/,existing,core-home,product:home,
615,ai audit trail vendors,Core Product,Commercial,Medium,P2,Landing/Product Page,/,existing,core-home,product:home,
616,ai audit trail provider,Core Product,Commercial,Medium,P2,Landing/Product Page,/,existing,core-home,product:home,
617,ai audit trail providers,Core Product,Commercial,Low,P2,Landing/Product Page,/,existing,core-home,product:home,
618,ai audit trail for startups,Core Product,Commercial,Medium,P2,Landing/Product Page,/solutions/startup,existing,core-startup,product:startup,
619,ai audit trail for enterprises,Core Product,Commercial,Medium,P2,Landing/Product Page,/enterprise,existing,core-enterprise,product:enterprise,
620,ai audit trail for saas companies,Core Product,Commercial,Low,P2,Landing/Product Page,/solutions/saas,existing,core-vertical,vertical:saas companies,
621,ai audit trail for small business,Core Product,Commercial,Low,P2,Landing/Product Page,/solutions/startup,existing,core-startup,product:startup,
622,ai audit trail pricing,Core Product,Commercial,Low,P2,Landing/Product Page,/pricing,existing,core-pricing,product:pricing,
623,ai audit trail cost,Core Product,Commercial,Medium,P2,Landing/Product Page,/pricing,existing,core-pricing,product:pricing,
624,ai audit trail free trial,Core Product,Commercial,Low,P2,Landing/Product Page,/book-demo,existing,core-demo,product:demo,
625,ai audit trail demo,Core Product,Commercial,Medium,P2,Landing/Product Page,/book-demo,existing,core-demo,product:demo,
626,ai audit trail reviews,Core Product,Commercial,Medium,P2,Landing/Product Page,/customer-stories,existing,core-reviews,product:reviews,
627,ai audit trail comparison,Core Product,Commercial,Medium,P2,Landing/Product Page,/,existing,core-home,product:home,
628,ai audit trail 2026,Core Product,Commercial,Medium,P2,Landing/Product Page,/,existing,core-home,product:home,
629,ai audit trail best,Core Product,Commercial,Medium,P2,Landing/Product Page,/,existing,core-home,product:home,
630,ai audit trail top,Core Product,Commercial,Low,P2,Landing/Product Page,/,existing,core-home,product:home,
631,ai audit trail leading,Core Product,Commercial,Low,P2,Landing/Product Page,/,existing,core-home,product:home,
632,ai audit trail affordable,Core Product,Commercial,Low,P2,Landing/Product Page,/,existing,core-home,product:home,
633,ai audit trail open source,Core Product,Commercial,Low,P2,Landing/Product Page,/,existing,core-home,product:home,
634,ai trust reporting,Core Product,Navigational/Commercial,High,P3 - Long Term,Landing/Product Page,/,existing,core-home,product:home,
635,ai trust reporting software,Core Product,Commercial,Medium,P2,Landing/Product Page,/platform,existing,core-platform,product:platform,
636,ai trust reporting platform,Core Product,Commercial,Low,P2,Landing/Product Page,/platform,existing,core-platform,product:platform,
637,ai trust reporting tool,Core Product,Commercial,Medium,P2,Landing/Product Page,/platform,existing,core-platform,product:platform,
638,ai trust reporting tools,Core Product,Commercial,Medium,P2,Landing/Product Page,/platform,existing,core-platform,product:platform,
639,ai trust reporting solution,Core Product,Commercial,Medium,P2,Landing/Product Page,/,existing,core-home,product:home,
640,ai trust reporting solutions,Core Product,Commercial,Low,P2,Landing/Product Page,/,existing,core-home,product:home,
641,ai trust reporting company,Core Product,Commercial,Low,P2,Landing/Product Page,/,existing,core-home,product:home,
642,ai trust reporting companies,Core Product,Commercial,Medium,P2,Landing/Product Page,/,existing,core-home,product:home,
643,ai trust reporting vendor,Core Product,Commercial,Low,P2,Landing/Product Page,/,existing,core-home,product:home,
644,ai trust reporting vendors,Core Product,Commercial,Medium,P2,Landing/Product Page,/,existing,core-home,product:home,
645,ai trust reporting provider,Core Product,Commercial,Low,P2,Landing/Product Page,/,existing,core-home,product:home,
646,ai trust reporting providers,Core Product,Commercial,Medium,P2,Landing/Product Page,/,existing,core-home,product:home,
647,ai trust reporting for startups,Core Product,Commercial,Medium,P2,Landing/Product Page,/solutions/startup,existing,core-startup,product:startup,
648,ai trust reporting for enterprises,Core Product,Commercial,Medium,P2,Landing/Product Page,/enterprise,existing,core-enterprise,product:enterprise,
649,ai trust reporting for saas companies,Core Product,Commercial,Low,P2,Landing/Product Page,/solutions/saas,existing,core-vertical,vertical:saas companies,
650,ai trust reporting for small business,Core Product,Commercial,Low,P2,Landing/Product Page,/solutions/startup,existing,core-startup,product:startup,
651,ai trust reporting pricing,Core Product,Commercial,Medium,P2,Landing/Product Page,/pricing,existing,core-pricing,product:pricing,
652,ai trust reporting cost,Core Product,Commercial,Medium,P2,Landing/Product Page,/pricing,existing,core-pricing,product:pricing,
653,ai trust reporting free trial,Core Product,Commercial,Medium,P2,Landing/Product Page,/book-demo,existing,core-demo,product:demo,
654,ai trust reporting demo,Core Product,Commercial,Medium,P2,Landing/Product Page,/book-demo,existing,core-demo,product:demo,
655,ai trust reporting reviews,Core Product,Commercial,Medium,P2,Landing/Product Page,/customer-stories,existing,core-reviews,product:reviews,
656,ai trust reporting comparison,Core Product,Commercial,Medium,P2,Landing/Product Page,/,existing,core-home,product:home,
657,ai trust reporting 2026,Core Product,Commercial,Medium,P2,Landing/Product Page,/,existing,core-home,product:home,
658,ai trust reporting best,Core Product,Commercial,Medium,P2,Landing/Product Page,/,existing,core-home,product:home,
659,ai trust reporting top,Core Product,Commercial,Low,P2,Landing/Product Page,/,existing,core-home,product:home,
660,ai trust reporting leading,Core Product,Commercial,Low,P2,Landing/Product Page,/,existing,core-home,product:home,
661,ai trust reporting affordable,Core Product,Commercial,Low,P2,Landing/Product Page,/,existing,core-home,product:home,
662,ai trust reporting open source,Core Product,Commercial,Medium,P2,Landing/Product Page,/,existing,core-home,product:home,
663,eu ai act,Regulation,Informational,Medium,P2,Blog/Pillar Page,/frameworks/eu-ai-act,existing,regulation-head,regulation:eu ai act,
664,eu ai act compliance,Regulation,Commercial/Informational,Low,P2,Blog/Pillar Page,/blog,gap,regulation-editorial,regulation:eu ai act,Blog/Pillar Page
665,eu ai act compliance software,Regulation,Commercial/Informational,Low,P2,Blog/Pillar Page,/frameworks/eu-ai-act,existing,regulation-commercial,regulation:eu ai act,
666,eu ai act compliance checklist,Regulation,Commercial/Informational,Low,P2,Blog/Pillar Page,/blog,gap,regulation-editorial,regulation:eu ai act,Blog/Pillar Page
667,eu ai act compliance guide,Regulation,Commercial/Informational,Medium,P2,Blog/Pillar Page,/blog,gap,regulation-editorial,regulation:eu ai act,Blog/Pillar Page
668,eu ai act compliance requirements,Regulation,Commercial/Informational,Medium,P2,Blog/Pillar Page,/blog,gap,regulation-editorial,regulation:eu ai act,Blog/Pillar Page
669,eu ai act compliance platform,Regulation,Commercial/Informational,Medium,P2,Blog/Pillar Page,/frameworks/eu-ai-act,existing,regulation-commercial,regulation:eu ai act,
670,eu ai act compliance tool,Regulation,Commercial/Informational,Low,P2,Blog/Pillar Page,/frameworks/eu-ai-act,existing,regulation-commercial,regulation:eu ai act,
671,eu ai act compliance for startups,Regulation,Commercial/Informational,Low,P2,Blog/Pillar Page,/frameworks/eu-ai-act,existing,regulation-commercial,regulation:eu ai act,
672,eu ai act compliance for saas,Regulation,Commercial/Informational,Low,P2,Blog/Pillar Page,/blog,gap,regulation-editorial,regulation:eu ai act,Blog/Pillar Page
673,eu ai act compliance automation,Regulation,Commercial/Informational,Low,P2,Blog/Pillar Page,/frameworks/eu-ai-act,existing,regulation-commercial,regulation:eu ai act,
674,eu ai act readiness assessment,Regulation,Commercial/Informational,Medium,P2,Blog/Pillar Page,/frameworks/eu-ai-act,existing,regulation-commercial,regulation:eu ai act,
675,eu ai act gap analysis,Regulation,Commercial/Informational,Low,P2,Blog/Pillar Page,/blog,gap,regulation-editorial,regulation:eu ai act,Blog/Pillar Page
676,eu ai act audit checklist,Regulation,Commercial/Informational,Medium,P2,Blog/Pillar Page,/blog,gap,regulation-editorial,regulation:eu ai act,Blog/Pillar Page
677,eu ai act certification,Regulation,Commercial/Informational,Low,P2,Blog/Pillar Page,/blog,gap,regulation-editorial,regulation:eu ai act,Blog/Pillar Page
678,eu ai act certification cost,Regulation,Commercial/Informational,Medium,P2,Blog/Pillar Page,/blog,gap,regulation-editorial,regulation:eu ai act,Blog/Pillar Page
679,eu ai act certification process,Regulation,Commercial/Informational,Low,P2,Blog/Pillar Page,/blog,gap,regulation-editorial,regulation:eu ai act,Blog/Pillar Page
680,eu ai act penalties,Regulation,Commercial/Informational,Low,P2,Blog/Pillar Page,/blog,gap,regulation-editorial,regulation:eu ai act,Blog/Pillar Page
681,eu ai act fines,Regulation,Commercial/Informational,Medium,P2,Blog/Pillar Page,/blog,gap,regulation-editorial,regulation:eu ai act,Blog/Pillar Page
682,eu ai act deadline,Regulation,Commercial/Informational,Low,P2,Blog/Pillar Page,/blog,gap,regulation-editorial,regulation:eu ai act,Blog/Pillar Page
683,eu ai act deadline 2026,Regulation,Commercial/Informational,Low,P2,Blog/Pillar Page,/blog,gap,regulation-editorial,regulation:eu ai act,Blog/Pillar Page
684,eu ai act implementation guide,Regulation,Commercial/Informational,Medium,P2,Blog/Pillar Page,/blog,gap,regulation-editorial,regulation:eu ai act,Blog/Pillar Page
685,eu ai act implementation timeline,Regulation,Commercial/Informational,Low,P2,Blog/Pillar Page,/blog,gap,regulation-editorial,regulation:eu ai act,Blog/Pillar Page
686,eu ai act for ai companies,Regulation,Commercial/Informational,Low,P2,Blog/Pillar Page,/frameworks/eu-ai-act,existing,regulation-commercial,regulation:eu ai act,
687,eu ai act for healthtech,Regulation,Commercial/Informational,Medium,P2,Blog/Pillar Page,/solutions/healthcare,existing,regulation-vertical,regulation:eu ai act,
688,eu ai act for fintech,Regulation,Commercial/Informational,Low,P2,Blog/Pillar Page,/solutions/fintech,existing,regulation-vertical,regulation:eu ai act,
689,eu ai act vs gdpr,Regulation,Commercial/Informational,Low,P2,Blog/Pillar Page,/blog,gap,regulation-editorial,regulation:eu ai act,Blog/Pillar Page
690,eu ai act vs dpdp act,Regulation,Commercial/Informational,Low,P2,Blog/Pillar Page,/blog,gap,regulation-editorial,regulation:eu ai act,Blog/Pillar Page
691,eu ai act consultants,Regulation,Commercial/Informational,Medium,P2,Blog/Pillar Page,/frameworks/eu-ai-act,existing,regulation-commercial,regulation:eu ai act,
692,eu ai act consulting firm,Regulation,Commercial/Informational,Medium,P2,Blog/Pillar Page,/frameworks/eu-ai-act,existing,regulation-commercial,regulation:eu ai act,
693,eu ai act compliance consultants india,Regulation,Commercial/Informational,Low,P2,Blog/Pillar Page,/frameworks/eu-ai-act,existing,regulation-commercial,regulation:eu ai act,
694,eu ai act training,Regulation,Commercial/Informational,Medium,P2,Blog/Pillar Page,/blog,gap,regulation-editorial,regulation:eu ai act,Blog/Pillar Page
695,eu ai act policy template,Regulation,Commercial/Informational,Medium,P2,Blog/Pillar Page,/blog,gap,regulation-editorial,regulation:eu ai act,Blog/Pillar Page
696,eu ai act risk assessment template,Regulation,Commercial/Informational,Low,P2,Blog/Pillar Page,/blog,gap,regulation-editorial,regulation:eu ai act,Blog/Pillar Page
697,dpdp act,Regulation,Informational,High,P3 - Long Term,Blog/Pillar Page,/frameworks/dpdp,existing,regulation-head,regulation:dpdp act,
698,dpdp act compliance,Regulation,Commercial/Informational,Medium,P2,Blog/Pillar Page,/blog,gap,regulation-editorial,regulation:dpdp act,Blog/Pillar Page
699,dpdp act compliance software,Regulation,Commercial/Informational,Low,P2,Blog/Pillar Page,/frameworks/dpdp,existing,regulation-commercial,regulation:dpdp act,
700,dpdp act compliance checklist,Regulation,Commercial/Informational,Medium,P2,Blog/Pillar Page,/blog,gap,regulation-editorial,regulation:dpdp act,Blog/Pillar Page
701,dpdp act compliance guide,Regulation,Commercial/Informational,Medium,P2,Blog/Pillar Page,/blog,gap,regulation-editorial,regulation:dpdp act,Blog/Pillar Page
702,dpdp act compliance requirements,Regulation,Commercial/Informational,Low,P2,Blog/Pillar Page,/blog,gap,regulation-editorial,regulation:dpdp act,Blog/Pillar Page
703,dpdp act compliance platform,Regulation,Commercial/Informational,Low,P2,Blog/Pillar Page,/frameworks/dpdp,existing,regulation-commercial,regulation:dpdp act,
704,dpdp act compliance tool,Regulation,Commercial/Informational,Medium,P2,Blog/Pillar Page,/frameworks/dpdp,existing,regulation-commercial,regulation:dpdp act,
705,dpdp act compliance for startups,Regulation,Commercial/Informational,Medium,P2,Blog/Pillar Page,/frameworks/dpdp,existing,regulation-commercial,regulation:dpdp act,
706,dpdp act compliance for saas,Regulation,Commercial/Informational,Low,P2,Blog/Pillar Page,/blog,gap,regulation-editorial,regulation:dpdp act,Blog/Pillar Page
707,dpdp act compliance automation,Regulation,Commercial/Informational,Low,P2,Blog/Pillar Page,/frameworks/dpdp,existing,regulation-commercial,regulation:dpdp act,
708,dpdp act readiness assessment,Regulation,Commercial/Informational,Low,P2,Blog/Pillar Page,/frameworks/dpdp,existing,regulation-commercial,regulation:dpdp act,
709,dpdp act gap analysis,Regulation,Commercial/Informational,Low,P2,Blog/Pillar Page,/blog,gap,regulation-editorial,regulation:dpdp act,Blog/Pillar Page
710,dpdp act audit checklist,Regulation,Commercial/Informational,Medium,P2,Blog/Pillar Page,/blog,gap,regulation-editorial,regulation:dpdp act,Blog/Pillar Page
711,dpdp act certification,Regulation,Commercial/Informational,Medium,P2,Blog/Pillar Page,/blog,gap,regulation-editorial,regulation:dpdp act,Blog/Pillar Page
712,dpdp act certification cost,Regulation,Commercial/Informational,Low,P2,Blog/Pillar Page,/blog,gap,regulation-editorial,regulation:dpdp act,Blog/Pillar Page
713,dpdp act certification process,Regulation,Commercial/Informational,Low,P2,Blog/Pillar Page,/blog,gap,regulation-editorial,regulation:dpdp act,Blog/Pillar Page
714,dpdp act penalties,Regulation,Commercial/Informational,High,P3 - Long Term,Blog/Pillar Page,/blog,gap,regulation-editorial,regulation:dpdp act,Blog/Pillar Page
715,dpdp act fines,Regulation,Commercial/Informational,Medium,P2,Blog/Pillar Page,/blog,gap,regulation-editorial,regulation:dpdp act,Blog/Pillar Page
716,dpdp act deadline,Regulation,Commercial/Informational,High,P3 - Long Term,Blog/Pillar Page,/blog,gap,regulation-editorial,regulation:dpdp act,Blog/Pillar Page
717,dpdp act deadline 2026,Regulation,Commercial/Informational,Medium,P2,Blog/Pillar Page,/blog,gap,regulation-editorial,regulation:dpdp act,Blog/Pillar Page
718,dpdp act implementation guide,Regulation,Commercial/Informational,Medium,P2,Blog/Pillar Page,/blog,gap,regulation-editorial,regulation:dpdp act,Blog/Pillar Page
719,dpdp act implementation timeline,Regulation,Commercial/Informational,Medium,P2,Blog/Pillar Page,/blog,gap,regulation-editorial,regulation:dpdp act,Blog/Pillar Page
720,dpdp act for ai companies,Regulation,Commercial/Informational,Medium,P2,Blog/Pillar Page,/frameworks/dpdp,existing,regulation-commercial,regulation:dpdp act,
721,dpdp act for healthtech,Regulation,Commercial/Informational,Medium,P2,Blog/Pillar Page,/solutions/healthcare,existing,regulation-vertical,regulation:dpdp act,
722,dpdp act for fintech,Regulation,Commercial/Informational,Low,P2,Blog/Pillar Page,/solutions/fintech,existing,regulation-vertical,regulation:dpdp act,
723,dpdp act vs gdpr,Regulation,Commercial/Informational,Low,P2,Blog/Pillar Page,/blog,gap,regulation-editorial,regulation:dpdp act,Blog/Pillar Page
724,dpdp act vs dpdp act,Regulation,Commercial/Informational,Low,P2,Blog/Pillar Page,/blog,gap,regulation-editorial,regulation:dpdp act,Blog/Pillar Page
725,dpdp act consultants,Regulation,Commercial/Informational,Medium,P2,Blog/Pillar Page,/frameworks/dpdp,existing,regulation-commercial,regulation:dpdp act,
726,dpdp act consulting firm,Regulation,Commercial/Informational,Medium,P2,Blog/Pillar Page,/frameworks/dpdp,existing,regulation-commercial,regulation:dpdp act,
727,dpdp act compliance consultants india,Regulation,Commercial/Informational,Low,P2,Blog/Pillar Page,/frameworks/dpdp,existing,regulation-commercial,regulation:dpdp act,
728,dpdp act training,Regulation,Commercial/Informational,Medium,P2,Blog/Pillar Page,/blog,gap,regulation-editorial,regulation:dpdp act,Blog/Pillar Page
729,dpdp act policy template,Regulation,Commercial/Informational,Low,P2,Blog/Pillar Page,/blog,gap,regulation-editorial,regulation:dpdp act,Blog/Pillar Page
730,dpdp act risk assessment template,Regulation,Commercial/Informational,Low,P2,Blog/Pillar Page,/blog,gap,regulation-editorial,regulation:dpdp act,Blog/Pillar Page
731,india dpdp act,Regulation,Informational,Medium,P2,Blog/Pillar Page,/frameworks/dpdp,existing,regulation-head,regulation:india dpdp act,
732,india dpdp act compliance,Regulation,Commercial/Informational,Low,P2,Blog/Pillar Page,/blog,gap,regulation-editorial,regulation:india dpdp act,Blog/Pillar Page
733,india dpdp act compliance software,Regulation,Commercial/Informational,Low,P2,Blog/Pillar Page,/frameworks/dpdp,existing,regulation-commercial,regulation:india dpdp act,
734,india dpdp act compliance checklist,Regulation,Commercial/Informational,Medium,P2,Blog/Pillar Page,/blog,gap,regulation-editorial,regulation:india dpdp act,Blog/Pillar Page
735,india dpdp act compliance guide,Regulation,Commercial/Informational,Medium,P2,Blog/Pillar Page,/blog,gap,regulation-editorial,regulation:india dpdp act,Blog/Pillar Page
736,india dpdp act compliance requirements,Regulation,Commercial/Informational,Medium,P2,Blog/Pillar Page,/blog,gap,regulation-editorial,regulation:india dpdp act,Blog/Pillar Page
737,india dpdp act compliance platform,Regulation,Commercial/Informational,Medium,P2,Blog/Pillar Page,/frameworks/dpdp,existing,regulation-commercial,regulation:india dpdp act,
738,india dpdp act compliance tool,Regulation,Commercial/Informational,Low,P2,Blog/Pillar Page,/frameworks/dpdp,existing,regulation-commercial,regulation:india dpdp act,
739,india dpdp act compliance for startups,Regulation,Commercial/Informational,Low,P2,Blog/Pillar Page,/frameworks/dpdp,existing,regulation-commercial,regulation:india dpdp act,
740,india dpdp act compliance for saas,Regulation,Commercial/Informational,Low,P2,Blog/Pillar Page,/blog,gap,regulation-editorial,regulation:india dpdp act,Blog/Pillar Page
741,india dpdp act compliance automation,Regulation,Commercial/Informational,Low,P2,Blog/Pillar Page,/frameworks/dpdp,existing,regulation-commercial,regulation:india dpdp act,
742,india dpdp act readiness assessment,Regulation,Commercial/Informational,Medium,P2,Blog/Pillar Page,/frameworks/dpdp,existing,regulation-commercial,regulation:india dpdp act,
743,india dpdp act gap analysis,Regulation,Commercial/Informational,Medium,P2,Blog/Pillar Page,/blog,gap,regulation-editorial,regulation:india dpdp act,Blog/Pillar Page
744,india dpdp act audit checklist,Regulation,Commercial/Informational,Medium,P2,Blog/Pillar Page,/blog,gap,regulation-editorial,regulation:india dpdp act,Blog/Pillar Page
745,india dpdp act certification,Regulation,Commercial/Informational,Low,P2,Blog/Pillar Page,/blog,gap,regulation-editorial,regulation:india dpdp act,Blog/Pillar Page
746,india dpdp act certification cost,Regulation,Commercial/Informational,Low,P2,Blog/Pillar Page,/blog,gap,regulation-editorial,regulation:india dpdp act,Blog/Pillar Page
747,india dpdp act certification process,Regulation,Commercial/Informational,Medium,P2,Blog/Pillar Page,/blog,gap,regulation-editorial,regulation:india dpdp act,Blog/Pillar Page
748,india dpdp act penalties,Regulation,Commercial/Informational,Low,P2,Blog/Pillar Page,/blog,gap,regulation-editorial,regulation:india dpdp act,Blog/Pillar Page
749,india dpdp act fines,Regulation,Commercial/Informational,Medium,P2,Blog/Pillar Page,/blog,gap,regulation-editorial,regulation:india dpdp act,Blog/Pillar Page
750,india dpdp act deadline,Regulation,Commercial/Informational,Low,P2,Blog/Pillar Page,/blog,gap,regulation-editorial,regulation:india dpdp act,Blog/Pillar Page
751,india dpdp act deadline 2026,Regulation,Commercial/Informational,Low,P2,Blog/Pillar Page,/blog,gap,regulation-editorial,regulation:india dpdp act,Blog/Pillar Page
752,india dpdp act implementation guide,Regulation,Commercial/Informational,Low,P2,Blog/Pillar Page,/blog,gap,regulation-editorial,regulation:india dpdp act,Blog/Pillar Page
753,india dpdp act implementation timeline,Regulation,Commercial/Informational,Medium,P2,Blog/Pillar Page,/blog,gap,regulation-editorial,regulation:india dpdp act,Blog/Pillar Page
754,india dpdp act for ai companies,Regulation,Commercial/Informational,Low,P2,Blog/Pillar Page,/frameworks/dpdp,existing,regulation-commercial,regulation:india dpdp act,
755,india dpdp act for healthtech,Regulation,Commercial/Informational,Low,P2,Blog/Pillar Page,/solutions/healthcare,existing,regulation-vertical,regulation:india dpdp act,
756,india dpdp act for fintech,Regulation,Commercial/Informational,Low,P2,Blog/Pillar Page,/solutions/fintech,existing,regulation-vertical,regulation:india dpdp act,
757,india dpdp act vs gdpr,Regulation,Commercial/Informational,Low,P2,Blog/Pillar Page,/blog,gap,regulation-editorial,regulation:india dpdp act,Blog/Pillar Page
758,india dpdp act vs dpdp act,Regulation,Commercial/Informational,Low,P2,Blog/Pillar Page,/blog,gap,regulation-editorial,regulation:india dpdp act,Blog/Pillar Page
759,india dpdp act consultants,Regulation,Commercial/Informational,Low,P2,Blog/Pillar Page,/frameworks/dpdp,existing,regulation-commercial,regulation:india dpdp act,
760,india dpdp act consulting firm,Regulation,Commercial/Informational,Medium,P2,Blog/Pillar Page,/frameworks/dpdp,existing,regulation-commercial,regulation:india dpdp act,
761,india dpdp act compliance consultants india,Regulation,Commercial/Informational,Low,P2,Blog/Pillar Page,/frameworks/dpdp,existing,regulation-commercial,regulation:india dpdp act,
762,india dpdp act training,Regulation,Commercial/Informational,Medium,P2,Blog/Pillar Page,/blog,gap,regulation-editorial,regulation:india dpdp act,Blog/Pillar Page
763,india dpdp act policy template,Regulation,Commercial/Informational,Medium,P2,Blog/Pillar Page,/blog,gap,regulation-editorial,regulation:india dpdp act,Blog/Pillar Page
764,india dpdp act risk assessment template,Regulation,Commercial/Informational,Low,P2,Blog/Pillar Page,/blog,gap,regulation-editorial,regulation:india dpdp act,Blog/Pillar Page
765,digital personal data protection act,Regulation,Informational,Low,P2,Blog/Pillar Page,/frameworks/dpdp,existing,regulation-head,regulation:digital personal data protection act,
766,digital personal data protection act compliance,Regulation,Commercial/Informational,Low,P2,Blog/Pillar Page,/blog,gap,regulation-editorial,regulation:digital personal data protection act,Blog/Pillar Page
767,digital personal data protection act compliance software,Regulation,Commercial/Informational,Low,P2,Blog/Pillar Page,/frameworks/dpdp,existing,regulation-commercial,regulation:digital personal data protection act,
768,digital personal data protection act compliance checklist,Regulation,Commercial/Informational,Low,P2,Blog/Pillar Page,/blog,gap,regulation-editorial,regulation:digital personal data protection act,Blog/Pillar Page
769,digital personal data protection act compliance guide,Regulation,Commercial/Informational,Low,P2,Blog/Pillar Page,/blog,gap,regulation-editorial,regulation:digital personal data protection act,Blog/Pillar Page
770,digital personal data protection act compliance requirements,Regulation,Commercial/Informational,Low,P2,Blog/Pillar Page,/blog,gap,regulation-editorial,regulation:digital personal data protection act,Blog/Pillar Page
771,digital personal data protection act compliance platform,Regulation,Commercial/Informational,Low,P2,Blog/Pillar Page,/frameworks/dpdp,existing,regulation-commercial,regulation:digital personal data protection act,
772,digital personal data protection act compliance tool,Regulation,Commercial/Informational,Low,P2,Blog/Pillar Page,/frameworks/dpdp,existing,regulation-commercial,regulation:digital personal data protection act,
773,digital personal data protection act compliance for startups,Regulation,Commercial/Informational,Low,P2,Blog/Pillar Page,/frameworks/dpdp,existing,regulation-commercial,regulation:digital personal data protection act,
774,digital personal data protection act compliance for saas,Regulation,Commercial/Informational,Low,P2,Blog/Pillar Page,/blog,gap,regulation-editorial,regulation:digital personal data protection act,Blog/Pillar Page
775,digital personal data protection act compliance automation,Regulation,Commercial/Informational,Low,P2,Blog/Pillar Page,/frameworks/dpdp,existing,regulation-commercial,regulation:digital personal data protection act,
776,digital personal data protection act readiness assessment,Regulation,Commercial/Informational,Low,P2,Blog/Pillar Page,/frameworks/dpdp,existing,regulation-commercial,regulation:digital personal data protection act,
777,digital personal data protection act gap analysis,Regulation,Commercial/Informational,Low,P2,Blog/Pillar Page,/blog,gap,regulation-editorial,regulation:digital personal data protection act,Blog/Pillar Page
778,digital personal data protection act audit checklist,Regulation,Commercial/Informational,Low,P2,Blog/Pillar Page,/blog,gap,regulation-editorial,regulation:digital personal data protection act,Blog/Pillar Page
779,digital personal data protection act certification,Regulation,Commercial/Informational,Low,P2,Blog/Pillar Page,/blog,gap,regulation-editorial,regulation:digital personal data protection act,Blog/Pillar Page
780,digital personal data protection act certification cost,Regulation,Commercial/Informational,Low,P2,Blog/Pillar Page,/blog,gap,regulation-editorial,regulation:digital personal data protection act,Blog/Pillar Page
781,digital personal data protection act certification process,Regulation,Commercial/Informational,Low,P2,Blog/Pillar Page,/blog,gap,regulation-editorial,regulation:digital personal data protection act,Blog/Pillar Page
782,digital personal data protection act penalties,Regulation,Commercial/Informational,Low,P2,Blog/Pillar Page,/blog,gap,regulation-editorial,regulation:digital personal data protection act,Blog/Pillar Page
783,digital personal data protection act fines,Regulation,Commercial/Informational,Low,P2,Blog/Pillar Page,/blog,gap,regulation-editorial,regulation:digital personal data protection act,Blog/Pillar Page
784,digital personal data protection act deadline,Regulation,Commercial/Informational,Low,P2,Blog/Pillar Page,/blog,gap,regulation-editorial,regulation:digital personal data protection act,Blog/Pillar Page
785,digital personal data protection act deadline 2026,Regulation,Commercial/Informational,Low,P2,Blog/Pillar Page,/blog,gap,regulation-editorial,regulation:digital personal data protection act,Blog/Pillar Page
786,digital personal data protection act implementation guide,Regulation,Commercial/Informational,Low,P2,Blog/Pillar Page,/blog,gap,regulation-editorial,regulation:digital personal data protection act,Blog/Pillar Page
787,digital personal data protection act implementation timeline,Regulation,Commercial/Informational,Low,P2,Blog/Pillar Page,/blog,gap,regulation-editorial,regulation:digital personal data protection act,Blog/Pillar Page
788,digital personal data protection act for ai companies,Regulation,Commercial/Informational,Low,P2,Blog/Pillar Page,/frameworks/dpdp,existing,regulation-commercial,regulation:digital personal data protection act,
789,digital personal data protection act for healthtech,Regulation,Commercial/Informational,Low,P2,Blog/Pillar Page,/solutions/healthcare,existing,regulation-vertical,regulation:digital personal data protection act,
790,digital personal data protection act for fintech,Regulation,Commercial/Informational,Low,P2,Blog/Pillar Page,/solutions/fintech,existing,regulation-vertical,regulation:digital personal data protection act,
791,digital personal data protection act vs gdpr,Regulation,Commercial/Informational,Low,P2,Blog/Pillar Page,/blog,gap,regulation-editorial,regulation:digital personal data protection act,Blog/Pillar Page
792,digital personal data protection act vs dpdp act,Regulation,Commercial/Informational,Low,P2,Blog/Pillar Page,/blog,gap,regulation-editorial,regulation:digital personal data protection act,Blog/Pillar Page
793,digital personal data protection act consultants,Regulation,Commercial/Informational,Low,P2,Blog/Pillar Page,/frameworks/dpdp,existing,regulation-commercial,regulation:digital personal data protection act,
794,digital personal data protection act consulting firm,Regulation,Commercial/Informational,Low,P2,Blog/Pillar Page,/frameworks/dpdp,existing,regulation-commercial,regulation:digital personal data protection act,
795,digital personal data protection act compliance consultants india,Regulation,Commercial/Informational,Low,P2,Blog/Pillar Page,/frameworks/dpdp,existing,regulation-commercial,regulation:digital personal data protection act,
796,digital personal data protection act training,Regulation,Commercial/Informational,Low,P2,Blog/Pillar Page,/blog,gap,regulation-editorial,regulation:digital personal data protection act,Blog/Pillar Page
797,digital personal data protection act policy template,Regulation,Commercial/Informational,Low,P2,Blog/Pillar Page,/blog,gap,regulation-editorial,regulation:digital personal data protection act,Blog/Pillar Page
798,digital personal data protection act risk assessment template,Regulation,Commercial/Informational,Low,P2,Blog/Pillar Page,/blog,gap,regulation-editorial,regulation:digital personal data protection act,Blog/Pillar Page
799,iso 42001,Regulation,Informational,High,P3 - Long Term,Blog/Pillar Page,/frameworks/iso-42001,existing,regulation-head,regulation:iso 42001,
800,iso 42001 compliance,Regulation,Commercial/Informational,High,P3 - Long Term,Blog/Pillar Page,/blog,gap,regulation-editorial,regulation:iso 42001,Blog/Pillar Page
801,iso 42001 compliance software,Regulation,Commercial/Informational,Medium,P2,Blog/Pillar Page,/frameworks/iso-42001,existing,regulation-commercial,regulation:iso 42001,
802,iso 42001 compliance checklist,Regulation,Commercial/Informational,Medium,P2,Blog/Pillar Page,/blog,gap,regulation-editorial,regulation:iso 42001,Blog/Pillar Page
803,iso 42001 compliance guide,Regulation,Commercial/Informational,Medium,P2,Blog/Pillar Page,/blog,gap,regulation-editorial,regulation:iso 42001,Blog/Pillar Page
804,iso 42001 compliance requirements,Regulation,Commercial/Informational,Medium,P2,Blog/Pillar Page,/blog,gap,regulation-editorial,regulation:iso 42001,Blog/Pillar Page
805,iso 42001 compliance platform,Regulation,Commercial/Informational,Low,P2,Blog/Pillar Page,/frameworks/iso-42001,existing,regulation-commercial,regulation:iso 42001,
806,iso 42001 compliance tool,Regulation,Commercial/Informational,Low,P2,Blog/Pillar Page,/frameworks/iso-42001,existing,regulation-commercial,regulation:iso 42001,
807,iso 42001 compliance for startups,Regulation,Commercial/Informational,Medium,P2,Blog/Pillar Page,/frameworks/iso-42001,existing,regulation-commercial,regulation:iso 42001,
808,iso 42001 compliance for saas,Regulation,Commercial/Informational,Medium,P2,Blog/Pillar Page,/blog,gap,regulation-editorial,regulation:iso 42001,Blog/Pillar Page
809,iso 42001 compliance automation,Regulation,Commercial/Informational,Medium,P2,Blog/Pillar Page,/frameworks/iso-42001,existing,regulation-commercial,regulation:iso 42001,
810,iso 42001 readiness assessment,Regulation,Commercial/Informational,Low,P2,Blog/Pillar Page,/frameworks/iso-42001,existing,regulation-commercial,regulation:iso 42001,
811,iso 42001 gap analysis,Regulation,Commercial/Informational,Low,P2,Blog/Pillar Page,/blog,gap,regulation-editorial,regulation:iso 42001,Blog/Pillar Page
812,iso 42001 audit checklist,Regulation,Commercial/Informational,Low,P2,Blog/Pillar Page,/blog,gap,regulation-editorial,regulation:iso 42001,Blog/Pillar Page
813,iso 42001 certification,Regulation,Commercial/Informational,Medium,P2,Blog/Pillar Page,/blog,gap,regulation-editorial,regulation:iso 42001,Blog/Pillar Page
814,iso 42001 certification cost,Regulation,Commercial/Informational,Medium,P2,Blog/Pillar Page,/blog,gap,regulation-editorial,regulation:iso 42001,Blog/Pillar Page
815,iso 42001 certification process,Regulation,Commercial/Informational,Low,P2,Blog/Pillar Page,/blog,gap,regulation-editorial,regulation:iso 42001,Blog/Pillar Page
816,iso 42001 penalties,Regulation,Commercial/Informational,Medium,P2,Blog/Pillar Page,/blog,gap,regulation-editorial,regulation:iso 42001,Blog/Pillar Page
817,iso 42001 fines,Regulation,Commercial/Informational,High,P3 - Long Term,Blog/Pillar Page,/blog,gap,regulation-editorial,regulation:iso 42001,Blog/Pillar Page
818,iso 42001 deadline,Regulation,Commercial/Informational,High,P3 - Long Term,Blog/Pillar Page,/blog,gap,regulation-editorial,regulation:iso 42001,Blog/Pillar Page
819,iso 42001 deadline 2026,Regulation,Commercial/Informational,Medium,P2,Blog/Pillar Page,/blog,gap,regulation-editorial,regulation:iso 42001,Blog/Pillar Page
820,iso 42001 implementation guide,Regulation,Commercial/Informational,Low,P2,Blog/Pillar Page,/blog,gap,regulation-editorial,regulation:iso 42001,Blog/Pillar Page
821,iso 42001 implementation timeline,Regulation,Commercial/Informational,Medium,P2,Blog/Pillar Page,/blog,gap,regulation-editorial,regulation:iso 42001,Blog/Pillar Page
822,iso 42001 for ai companies,Regulation,Commercial/Informational,Medium,P2,Blog/Pillar Page,/frameworks/iso-42001,existing,regulation-commercial,regulation:iso 42001,
823,iso 42001 for healthtech,Regulation,Commercial/Informational,Low,P2,Blog/Pillar Page,/solutions/healthcare,existing,regulation-vertical,regulation:iso 42001,
824,iso 42001 for fintech,Regulation,Commercial/Informational,Medium,P2,Blog/Pillar Page,/solutions/fintech,existing,regulation-vertical,regulation:iso 42001,
825,iso 42001 vs gdpr,Regulation,Commercial/Informational,Medium,P2,Blog/Pillar Page,/blog,gap,regulation-editorial,regulation:iso 42001,Blog/Pillar Page
826,iso 42001 vs dpdp act,Regulation,Commercial/Informational,Medium,P2,Blog/Pillar Page,/blog,gap,regulation-editorial,regulation:iso 42001,Blog/Pillar Page
827,iso 42001 consultants,Regulation,Commercial/Informational,High,P3 - Long Term,Blog/Pillar Page,/frameworks/iso-42001,existing,regulation-commercial,regulation:iso 42001,
828,iso 42001 consulting firm,Regulation,Commercial/Informational,Medium,P2,Blog/Pillar Page,/frameworks/iso-42001,existing,regulation-commercial,regulation:iso 42001,
829,iso 42001 compliance consultants india,Regulation,Commercial/Informational,Low,P2,Blog/Pillar Page,/frameworks/iso-42001,existing,regulation-commercial,regulation:iso 42001,
830,iso 42001 training,Regulation,Commercial/Informational,Medium,P2,Blog/Pillar Page,/blog,gap,regulation-editorial,regulation:iso 42001,Blog/Pillar Page
831,iso 42001 policy template,Regulation,Commercial/Informational,Medium,P2,Blog/Pillar Page,/blog,gap,regulation-editorial,regulation:iso 42001,Blog/Pillar Page
832,iso 42001 risk assessment template,Regulation,Commercial/Informational,Medium,P2,Blog/Pillar Page,/blog,gap,regulation-editorial,regulation:iso 42001,Blog/Pillar Page
833,iso/iec 42001,Regulation,Informational,High,P3 - Long Term,Blog/Pillar Page,/frameworks/iso-42001,existing,regulation-head,regulation:iso/iec 42001,
834,iso/iec 42001 compliance,Regulation,Commercial/Informational,High,P3 - Long Term,Blog/Pillar Page,/blog,gap,regulation-editorial,regulation:iso/iec 42001,Blog/Pillar Page
835,iso/iec 42001 compliance software,Regulation,Commercial/Informational,Medium,P2,Blog/Pillar Page,/frameworks/iso-42001,existing,regulation-commercial,regulation:iso/iec 42001,
836,iso/iec 42001 compliance checklist,Regulation,Commercial/Informational,Low,P2,Blog/Pillar Page,/blog,gap,regulation-editorial,regulation:iso/iec 42001,Blog/Pillar Page
837,iso/iec 42001 compliance guide,Regulation,Commercial/Informational,Medium,P2,Blog/Pillar Page,/blog,gap,regulation-editorial,regulation:iso/iec 42001,Blog/Pillar Page
838,iso/iec 42001 compliance requirements,Regulation,Commercial/Informational,Low,P2,Blog/Pillar Page,/blog,gap,regulation-editorial,regulation:iso/iec 42001,Blog/Pillar Page
839,iso/iec 42001 compliance platform,Regulation,Commercial/Informational,Medium,P2,Blog/Pillar Page,/frameworks/iso-42001,existing,regulation-commercial,regulation:iso/iec 42001,
840,iso/iec 42001 compliance tool,Regulation,Commercial/Informational,Medium,P2,Blog/Pillar Page,/frameworks/iso-42001,existing,regulation-commercial,regulation:iso/iec 42001,
841,iso/iec 42001 compliance for startups,Regulation,Commercial/Informational,Medium,P2,Blog/Pillar Page,/frameworks/iso-42001,existing,regulation-commercial,regulation:iso/iec 42001,
842,iso/iec 42001 compliance for saas,Regulation,Commercial/Informational,Low,P2,Blog/Pillar Page,/blog,gap,regulation-editorial,regulation:iso/iec 42001,Blog/Pillar Page
843,iso/iec 42001 compliance automation,Regulation,Commercial/Informational,Medium,P2,Blog/Pillar Page,/frameworks/iso-42001,existing,regulation-commercial,regulation:iso/iec 42001,
844,iso/iec 42001 readiness assessment,Regulation,Commercial/Informational,Low,P2,Blog/Pillar Page,/frameworks/iso-42001,existing,regulation-commercial,regulation:iso/iec 42001,
845,iso/iec 42001 gap analysis,Regulation,Commercial/Informational,Medium,P2,Blog/Pillar Page,/blog,gap,regulation-editorial,regulation:iso/iec 42001,Blog/Pillar Page
846,iso/iec 42001 audit checklist,Regulation,Commercial/Informational,Medium,P2,Blog/Pillar Page,/blog,gap,regulation-editorial,regulation:iso/iec 42001,Blog/Pillar Page
847,iso/iec 42001 certification,Regulation,Commercial/Informational,Medium,P2,Blog/Pillar Page,/blog,gap,regulation-editorial,regulation:iso/iec 42001,Blog/Pillar Page
848,iso/iec 42001 certification cost,Regulation,Commercial/Informational,Low,P2,Blog/Pillar Page,/blog,gap,regulation-editorial,regulation:iso/iec 42001,Blog/Pillar Page
849,iso/iec 42001 certification process,Regulation,Commercial/Informational,Medium,P2,Blog/Pillar Page,/blog,gap,regulation-editorial,regulation:iso/iec 42001,Blog/Pillar Page
850,iso/iec 42001 penalties,Regulation,Commercial/Informational,High,P3 - Long Term,Blog/Pillar Page,/blog,gap,regulation-editorial,regulation:iso/iec 42001,Blog/Pillar Page
851,iso/iec 42001 fines,Regulation,Commercial/Informational,High,P3 - Long Term,Blog/Pillar Page,/blog,gap,regulation-editorial,regulation:iso/iec 42001,Blog/Pillar Page
852,iso/iec 42001 deadline,Regulation,Commercial/Informational,Medium,P2,Blog/Pillar Page,/blog,gap,regulation-editorial,regulation:iso/iec 42001,Blog/Pillar Page
853,iso/iec 42001 deadline 2026,Regulation,Commercial/Informational,Low,P2,Blog/Pillar Page,/blog,gap,regulation-editorial,regulation:iso/iec 42001,Blog/Pillar Page
854,iso/iec 42001 implementation guide,Regulation,Commercial/Informational,Medium,P2,Blog/Pillar Page,/blog,gap,regulation-editorial,regulation:iso/iec 42001,Blog/Pillar Page
855,iso/iec 42001 implementation timeline,Regulation,Commercial/Informational,Low,P2,Blog/Pillar Page,/blog,gap,regulation-editorial,regulation:iso/iec 42001,Blog/Pillar Page
856,iso/iec 42001 for ai companies,Regulation,Commercial/Informational,Medium,P2,Blog/Pillar Page,/frameworks/iso-42001,existing,regulation-commercial,regulation:iso/iec 42001,
857,iso/iec 42001 for healthtech,Regulation,Commercial/Informational,Medium,P2,Blog/Pillar Page,/solutions/healthcare,existing,regulation-vertical,regulation:iso/iec 42001,
858,iso/iec 42001 for fintech,Regulation,Commercial/Informational,Medium,P2,Blog/Pillar Page,/solutions/fintech,existing,regulation-vertical,regulation:iso/iec 42001,
859,iso/iec 42001 vs gdpr,Regulation,Commercial/Informational,Low,P2,Blog/Pillar Page,/blog,gap,regulation-editorial,regulation:iso/iec 42001,Blog/Pillar Page
860,iso/iec 42001 vs dpdp act,Regulation,Commercial/Informational,Low,P2,Blog/Pillar Page,/blog,gap,regulation-editorial,regulation:iso/iec 42001,Blog/Pillar Page
861,iso/iec 42001 consultants,Regulation,Commercial/Informational,Medium,P2,Blog/Pillar Page,/frameworks/iso-42001,existing,regulation-commercial,regulation:iso/iec 42001,
862,iso/iec 42001 consulting firm,Regulation,Commercial/Informational,Low,P2,Blog/Pillar Page,/frameworks/iso-42001,existing,regulation-commercial,regulation:iso/iec 42001,
863,iso/iec 42001 compliance consultants india,Regulation,Commercial/Informational,Medium,P2,Blog/Pillar Page,/frameworks/iso-42001,existing,regulation-commercial,regulation:iso/iec 42001,
864,iso/iec 42001 training,Regulation,Commercial/Informational,Medium,P2,Blog/Pillar Page,/blog,gap,regulation-editorial,regulation:iso/iec 42001,Blog/Pillar Page
865,iso/iec 42001 policy template,Regulation,Commercial/Informational,Medium,P2,Blog/Pillar Page,/blog,gap,regulation-editorial,regulation:iso/iec 42001,Blog/Pillar Page
866,iso/iec 42001 risk assessment template,Regulation,Commercial/Informational,Low,P2,Blog/Pillar Page,/blog,gap,regulation-editorial,regulation:iso/iec 42001,Blog/Pillar Page
867,nist ai rmf,Regulation,Informational,Medium,P2,Blog/Pillar Page,/frameworks/nist,existing,regulation-head,regulation:nist ai rmf,
868,nist ai rmf compliance,Regulation,Commercial/Informational,Low,P2,Blog/Pillar Page,/blog,gap,regulation-editorial,regulation:nist ai rmf,Blog/Pillar Page
869,nist ai rmf compliance software,Regulation,Commercial/Informational,Medium,P2,Blog/Pillar Page,/frameworks/nist,existing,regulation-commercial,regulation:nist ai rmf,
870,nist ai rmf compliance checklist,Regulation,Commercial/Informational,Low,P2,Blog/Pillar Page,/blog,gap,regulation-editorial,regulation:nist ai rmf,Blog/Pillar Page
871,nist ai rmf compliance guide,Regulation,Commercial/Informational,Low,P2,Blog/Pillar Page,/blog,gap,regulation-editorial,regulation:nist ai rmf,Blog/Pillar Page
872,nist ai rmf compliance requirements,Regulation,Commercial/Informational,Medium,P2,Blog/Pillar Page,/blog,gap,regulation-editorial,regulation:nist ai rmf,Blog/Pillar Page
873,nist ai rmf compliance platform,Regulation,Commercial/Informational,Medium,P2,Blog/Pillar Page,/frameworks/nist,existing,regulation-commercial,regulation:nist ai rmf,
874,nist ai rmf compliance tool,Regulation,Commercial/Informational,Medium,P2,Blog/Pillar Page,/frameworks/nist,existing,regulation-commercial,regulation:nist ai rmf,
875,nist ai rmf compliance for startups,Regulation,Commercial/Informational,Low,P2,Blog/Pillar Page,/frameworks/nist,existing,regulation-commercial,regulation:nist ai rmf,
876,nist ai rmf compliance for saas,Regulation,Commercial/Informational,Low,P2,Blog/Pillar Page,/blog,gap,regulation-editorial,regulation:nist ai rmf,Blog/Pillar Page
877,nist ai rmf compliance automation,Regulation,Commercial/Informational,Medium,P2,Blog/Pillar Page,/frameworks/nist,existing,regulation-commercial,regulation:nist ai rmf,
878,nist ai rmf readiness assessment,Regulation,Commercial/Informational,Medium,P2,Blog/Pillar Page,/frameworks/nist,existing,regulation-commercial,regulation:nist ai rmf,
879,nist ai rmf gap analysis,Regulation,Commercial/Informational,Medium,P2,Blog/Pillar Page,/blog,gap,regulation-editorial,regulation:nist ai rmf,Blog/Pillar Page
880,nist ai rmf audit checklist,Regulation,Commercial/Informational,Low,P2,Blog/Pillar Page,/blog,gap,regulation-editorial,regulation:nist ai rmf,Blog/Pillar Page
881,nist ai rmf certification,Regulation,Commercial/Informational,Medium,P2,Blog/Pillar Page,/blog,gap,regulation-editorial,regulation:nist ai rmf,Blog/Pillar Page
882,nist ai rmf certification cost,Regulation,Commercial/Informational,Low,P2,Blog/Pillar Page,/blog,gap,regulation-editorial,regulation:nist ai rmf,Blog/Pillar Page
883,nist ai rmf certification process,Regulation,Commercial/Informational,Medium,P2,Blog/Pillar Page,/blog,gap,regulation-editorial,regulation:nist ai rmf,Blog/Pillar Page
884,nist ai rmf penalties,Regulation,Commercial/Informational,Low,P2,Blog/Pillar Page,/blog,gap,regulation-editorial,regulation:nist ai rmf,Blog/Pillar Page
885,nist ai rmf fines,Regulation,Commercial/Informational,Low,P2,Blog/Pillar Page,/blog,gap,regulation-editorial,regulation:nist ai rmf,Blog/Pillar Page
886,nist ai rmf deadline,Regulation,Commercial/Informational,Low,P2,Blog/Pillar Page,/blog,gap,regulation-editorial,regulation:nist ai rmf,Blog/Pillar Page
887,nist ai rmf deadline 2026,Regulation,Commercial/Informational,Medium,P2,Blog/Pillar Page,/blog,gap,regulation-editorial,regulation:nist ai rmf,Blog/Pillar Page
888,nist ai rmf implementation guide,Regulation,Commercial/Informational,Medium,P2,Blog/Pillar Page,/blog,gap,regulation-editorial,regulation:nist ai rmf,Blog/Pillar Page
889,nist ai rmf implementation timeline,Regulation,Commercial/Informational,Medium,P2,Blog/Pillar Page,/blog,gap,regulation-editorial,regulation:nist ai rmf,Blog/Pillar Page
890,nist ai rmf for ai companies,Regulation,Commercial/Informational,Low,P2,Blog/Pillar Page,/frameworks/nist,existing,regulation-commercial,regulation:nist ai rmf,
891,nist ai rmf for healthtech,Regulation,Commercial/Informational,Medium,P2,Blog/Pillar Page,/solutions/healthcare,existing,regulation-vertical,regulation:nist ai rmf,
892,nist ai rmf for fintech,Regulation,Commercial/Informational,Low,P2,Blog/Pillar Page,/solutions/fintech,existing,regulation-vertical,regulation:nist ai rmf,
893,nist ai rmf vs gdpr,Regulation,Commercial/Informational,Medium,P2,Blog/Pillar Page,/blog,gap,regulation-editorial,regulation:nist ai rmf,Blog/Pillar Page
894,nist ai rmf vs dpdp act,Regulation,Commercial/Informational,Low,P2,Blog/Pillar Page,/blog,gap,regulation-editorial,regulation:nist ai rmf,Blog/Pillar Page
895,nist ai rmf consultants,Regulation,Commercial/Informational,Medium,P2,Blog/Pillar Page,/frameworks/nist,existing,regulation-commercial,regulation:nist ai rmf,
896,nist ai rmf consulting firm,Regulation,Commercial/Informational,Medium,P2,Blog/Pillar Page,/frameworks/nist,existing,regulation-commercial,regulation:nist ai rmf,
897,nist ai rmf compliance consultants india,Regulation,Commercial/Informational,Low,P2,Blog/Pillar Page,/frameworks/nist,existing,regulation-commercial,regulation:nist ai rmf,
898,nist ai rmf training,Regulation,Commercial/Informational,Low,P2,Blog/Pillar Page,/blog,gap,regulation-editorial,regulation:nist ai rmf,Blog/Pillar Page
899,nist ai rmf policy template,Regulation,Commercial/Informational,Medium,P2,Blog/Pillar Page,/blog,gap,regulation-editorial,regulation:nist ai rmf,Blog/Pillar Page
900,nist ai rmf risk assessment template,Regulation,Commercial/Informational,Low,P2,Blog/Pillar Page,/blog,gap,regulation-editorial,regulation:nist ai rmf,Blog/Pillar Page
901,nist ai risk management framework,Regulation,Informational,Medium,P2,Blog/Pillar Page,/frameworks/nist,existing,regulation-head,regulation:nist ai risk management framework,
902,nist ai risk management framework compliance,Regulation,Commercial/Informational,Low,P2,Blog/Pillar Page,/blog,gap,regulation-editorial,regulation:nist ai risk management framework,Blog/Pillar Page
903,nist ai risk management framework compliance software,Regulation,Commercial/Informational,Low,P2,Blog/Pillar Page,/frameworks/nist,existing,regulation-commercial,regulation:nist ai risk management framework,
904,nist ai risk management framework compliance checklist,Regulation,Commercial/Informational,Low,P2,Blog/Pillar Page,/blog,gap,regulation-editorial,regulation:nist ai risk management framework,Blog/Pillar Page
905,nist ai risk management framework compliance guide,Regulation,Commercial/Informational,Low,P2,Blog/Pillar Page,/blog,gap,regulation-editorial,regulation:nist ai risk management framework,Blog/Pillar Page
906,nist ai risk management framework compliance requirements,Regulation,Commercial/Informational,Low,P2,Blog/Pillar Page,/blog,gap,regulation-editorial,regulation:nist ai risk management framework,Blog/Pillar Page
907,nist ai risk management framework compliance platform,Regulation,Commercial/Informational,Low,P2,Blog/Pillar Page,/frameworks/nist,existing,regulation-commercial,regulation:nist ai risk management framework,
908,nist ai risk management framework compliance tool,Regulation,Commercial/Informational,Low,P2,Blog/Pillar Page,/frameworks/nist,existing,regulation-commercial,regulation:nist ai risk management framework,
909,nist ai risk management framework compliance for startups,Regulation,Commercial/Informational,Low,P2,Blog/Pillar Page,/frameworks/nist,existing,regulation-commercial,regulation:nist ai risk management framework,
910,nist ai risk management framework compliance for saas,Regulation,Commercial/Informational,Low,P2,Blog/Pillar Page,/blog,gap,regulation-editorial,regulation:nist ai risk management framework,Blog/Pillar Page
911,nist ai risk management framework compliance automation,Regulation,Commercial/Informational,Low,P2,Blog/Pillar Page,/frameworks/nist,existing,regulation-commercial,regulation:nist ai risk management framework,
912,nist ai risk management framework readiness assessment,Regulation,Commercial/Informational,Low,P2,Blog/Pillar Page,/frameworks/nist,existing,regulation-commercial,regulation:nist ai risk management framework,
913,nist ai risk management framework gap analysis,Regulation,Commercial/Informational,Low,P2,Blog/Pillar Page,/blog,gap,regulation-editorial,regulation:nist ai risk management framework,Blog/Pillar Page
914,nist ai risk management framework audit checklist,Regulation,Commercial/Informational,Low,P2,Blog/Pillar Page,/blog,gap,regulation-editorial,regulation:nist ai risk management framework,Blog/Pillar Page
915,nist ai risk management framework certification,Regulation,Commercial/Informational,Low,P2,Blog/Pillar Page,/blog,gap,regulation-editorial,regulation:nist ai risk management framework,Blog/Pillar Page
916,nist ai risk management framework certification cost,Regulation,Commercial/Informational,Low,P2,Blog/Pillar Page,/blog,gap,regulation-editorial,regulation:nist ai risk management framework,Blog/Pillar Page
917,nist ai risk management framework certification process,Regulation,Commercial/Informational,Low,P2,Blog/Pillar Page,/blog,gap,regulation-editorial,regulation:nist ai risk management framework,Blog/Pillar Page
918,nist ai risk management framework penalties,Regulation,Commercial/Informational,Low,P2,Blog/Pillar Page,/blog,gap,regulation-editorial,regulation:nist ai risk management framework,Blog/Pillar Page
919,nist ai risk management framework fines,Regulation,Commercial/Informational,Low,P2,Blog/Pillar Page,/blog,gap,regulation-editorial,regulation:nist ai risk management framework,Blog/Pillar Page
920,nist ai risk management framework deadline,Regulation,Commercial/Informational,Low,P2,Blog/Pillar Page,/blog,gap,regulation-editorial,regulation:nist ai risk management framework,Blog/Pillar Page
921,nist ai risk management framework deadline 2026,Regulation,Commercial/Informational,Low,P2,Blog/Pillar Page,/blog,gap,regulation-editorial,regulation:nist ai risk management framework,Blog/Pillar Page
922,nist ai risk management framework implementation guide,Regulation,Commercial/Informational,Low,P2,Blog/Pillar Page,/blog,gap,regulation-editorial,regulation:nist ai risk management framework,Blog/Pillar Page
923,nist ai risk management framework implementation timeline,Regulation,Commercial/Informational,Low,P2,Blog/Pillar Page,/blog,gap,regulation-editorial,regulation:nist ai risk management framework,Blog/Pillar Page
924,nist ai risk management framework for ai companies,Regulation,Commercial/Informational,Low,P2,Blog/Pillar Page,/frameworks/nist,existing,regulation-commercial,regulation:nist ai risk management framework,
925,nist ai risk management framework for healthtech,Regulation,Commercial/Informational,Low,P2,Blog/Pillar Page,/solutions/healthcare,existing,regulation-vertical,regulation:nist ai risk management framework,
926,nist ai risk management framework for fintech,Regulation,Commercial/Informational,Low,P2,Blog/Pillar Page,/solutions/fintech,existing,regulation-vertical,regulation:nist ai risk management framework,
927,nist ai risk management framework vs gdpr,Regulation,Commercial/Informational,Low,P2,Blog/Pillar Page,/blog,gap,regulation-editorial,regulation:nist ai risk management framework,Blog/Pillar Page
928,nist ai risk management framework vs dpdp act,Regulation,Commercial/Informational,Low,P2,Blog/Pillar Page,/blog,gap,regulation-editorial,regulation:nist ai risk management framework,Blog/Pillar Page
929,nist ai risk management framework consultants,Regulation,Commercial/Informational,Low,P2,Blog/Pillar Page,/frameworks/nist,existing,regulation-commercial,regulation:nist ai risk management framework,
930,nist ai risk management framework consulting firm,Regulation,Commercial/Informational,Low,P2,Blog/Pillar Page,/frameworks/nist,existing,regulation-commercial,regulation:nist ai risk management framework,
931,nist ai risk management framework compliance consultants india,Regulation,Commercial/Informational,Low,P2,Blog/Pillar Page,/frameworks/nist,existing,regulation-commercial,regulation:nist ai risk management framework,
932,nist ai risk management framework training,Regulation,Commercial/Informational,Low,P2,Blog/Pillar Page,/blog,gap,regulation-editorial,regulation:nist ai risk management framework,Blog/Pillar Page
933,nist ai risk management framework policy template,Regulation,Commercial/Informational,Low,P2,Blog/Pillar Page,/blog,gap,regulation-editorial,regulation:nist ai risk management framework,Blog/Pillar Page
934,nist ai risk management framework risk assessment template,Regulation,Commercial/Informational,Low,P2,Blog/Pillar Page,/blog,gap,regulation-editorial,regulation:nist ai risk management framework,Blog/Pillar Page
935,colorado ai act,Regulation,Informational,High,P3 - Long Term,Blog/Pillar Page,/frameworks/colorado-ai-act,existing,regulation-head,regulation:colorado ai act,
936,colorado ai act compliance,Regulation,Commercial/Informational,Medium,P2,Blog/Pillar Page,/blog,gap,regulation-editorial,regulation:colorado ai act,Blog/Pillar Page
937,colorado ai act compliance software,Regulation,Commercial/Informational,Medium,P2,Blog/Pillar Page,/frameworks/colorado-ai-act,existing,regulation-commercial,regulation:colorado ai act,
938,colorado ai act compliance checklist,Regulation,Commercial/Informational,Medium,P2,Blog/Pillar Page,/blog,gap,regulation-editorial,regulation:colorado ai act,Blog/Pillar Page
939,colorado ai act compliance guide,Regulation,Commercial/Informational,Medium,P2,Blog/Pillar Page,/blog,gap,regulation-editorial,regulation:colorado ai act,Blog/Pillar Page
940,colorado ai act compliance requirements,Regulation,Commercial/Informational,Low,P2,Blog/Pillar Page,/blog,gap,regulation-editorial,regulation:colorado ai act,Blog/Pillar Page
941,colorado ai act compliance platform,Regulation,Commercial/Informational,Low,P2,Blog/Pillar Page,/frameworks/colorado-ai-act,existing,regulation-commercial,regulation:colorado ai act,
942,colorado ai act compliance tool,Regulation,Commercial/Informational,Medium,P2,Blog/Pillar Page,/frameworks/colorado-ai-act,existing,regulation-commercial,regulation:colorado ai act,
943,colorado ai act compliance for startups,Regulation,Commercial/Informational,Low,P2,Blog/Pillar Page,/frameworks/colorado-ai-act,existing,regulation-commercial,regulation:colorado ai act,
944,colorado ai act compliance for saas,Regulation,Commercial/Informational,Low,P2,Blog/Pillar Page,/blog,gap,regulation-editorial,regulation:colorado ai act,Blog/Pillar Page
945,colorado ai act compliance automation,Regulation,Commercial/Informational,Low,P2,Blog/Pillar Page,/frameworks/colorado-ai-act,existing,regulation-commercial,regulation:colorado ai act,
946,colorado ai act readiness assessment,Regulation,Commercial/Informational,Medium,P2,Blog/Pillar Page,/frameworks/colorado-ai-act,existing,regulation-commercial,regulation:colorado ai act,
947,colorado ai act gap analysis,Regulation,Commercial/Informational,Low,P2,Blog/Pillar Page,/blog,gap,regulation-editorial,regulation:colorado ai act,Blog/Pillar Page
948,colorado ai act audit checklist,Regulation,Commercial/Informational,Medium,P2,Blog/Pillar Page,/blog,gap,regulation-editorial,regulation:colorado ai act,Blog/Pillar Page
949,colorado ai act certification,Regulation,Commercial/Informational,Medium,P2,Blog/Pillar Page,/blog,gap,regulation-editorial,regulation:colorado ai act,Blog/Pillar Page
950,colorado ai act certification cost,Regulation,Commercial/Informational,Medium,P2,Blog/Pillar Page,/blog,gap,regulation-editorial,regulation:colorado ai act,Blog/Pillar Page
951,colorado ai act certification process,Regulation,Commercial/Informational,Medium,P2,Blog/Pillar Page,/blog,gap,regulation-editorial,regulation:colorado ai act,Blog/Pillar Page
952,colorado ai act penalties,Regulation,Commercial/Informational,Low,P2,Blog/Pillar Page,/blog,gap,regulation-editorial,regulation:colorado ai act,Blog/Pillar Page
953,colorado ai act fines,Regulation,Commercial/Informational,Medium,P2,Blog/Pillar Page,/blog,gap,regulation-editorial,regulation:colorado ai act,Blog/Pillar Page
954,colorado ai act deadline,Regulation,Commercial/Informational,Low,P2,Blog/Pillar Page,/blog,gap,regulation-editorial,regulation:colorado ai act,Blog/Pillar Page
955,colorado ai act deadline 2026,Regulation,Commercial/Informational,Low,P2,Blog/Pillar Page,/blog,gap,regulation-editorial,regulation:colorado ai act,Blog/Pillar Page
956,colorado ai act implementation guide,Regulation,Commercial/Informational,Medium,P2,Blog/Pillar Page,/blog,gap,regulation-editorial,regulation:colorado ai act,Blog/Pillar Page
957,colorado ai act implementation timeline,Regulation,Commercial/Informational,Low,P2,Blog/Pillar Page,/blog,gap,regulation-editorial,regulation:colorado ai act,Blog/Pillar Page
958,colorado ai act for ai companies,Regulation,Commercial/Informational,Low,P2,Blog/Pillar Page,/frameworks/colorado-ai-act,existing,regulation-commercial,regulation:colorado ai act,
959,colorado ai act for healthtech,Regulation,Commercial/Informational,Medium,P2,Blog/Pillar Page,/solutions/healthcare,existing,regulation-vertical,regulation:colorado ai act,
960,colorado ai act for fintech,Regulation,Commercial/Informational,Low,P2,Blog/Pillar Page,/solutions/fintech,existing,regulation-vertical,regulation:colorado ai act,
961,colorado ai act vs gdpr,Regulation,Commercial/Informational,Medium,P2,Blog/Pillar Page,/blog,gap,regulation-editorial,regulation:colorado ai act,Blog/Pillar Page
962,colorado ai act vs dpdp act,Regulation,Commercial/Informational,Low,P2,Blog/Pillar Page,/blog,gap,regulation-editorial,regulation:colorado ai act,Blog/Pillar Page
963,colorado ai act consultants,Regulation,Commercial/Informational,Low,P2,Blog/Pillar Page,/frameworks/colorado-ai-act,existing,regulation-commercial,regulation:colorado ai act,
964,colorado ai act consulting firm,Regulation,Commercial/Informational,Low,P2,Blog/Pillar Page,/frameworks/colorado-ai-act,existing,regulation-commercial,regulation:colorado ai act,
965,colorado ai act compliance consultants india,Regulation,Commercial/Informational,Low,P2,Blog/Pillar Page,/frameworks/colorado-ai-act,existing,regulation-commercial,regulation:colorado ai act,
966,colorado ai act training,Regulation,Commercial/Informational,Medium,P2,Blog/Pillar Page,/blog,gap,regulation-editorial,regulation:colorado ai act,Blog/Pillar Page
967,colorado ai act policy template,Regulation,Commercial/Informational,Low,P2,Blog/Pillar Page,/blog,gap,regulation-editorial,regulation:colorado ai act,Blog/Pillar Page
968,colorado ai act risk assessment template,Regulation,Commercial/Informational,Low,P2,Blog/Pillar Page,/blog,gap,regulation-editorial,regulation:colorado ai act,Blog/Pillar Page
969,soc 2,Regulation,Informational,Medium,P2,Blog/Pillar Page,/frameworks/soc2,existing,regulation-head,regulation:soc 2,
970,soc 2 compliance,Regulation,Commercial/Informational,High,P3 - Long Term,Blog/Pillar Page,/blog,gap,regulation-editorial,regulation:soc 2,Blog/Pillar Page
971,soc 2 compliance software,Regulation,Commercial/Informational,Medium,P2,Blog/Pillar Page,/frameworks/soc2,existing,regulation-commercial,regulation:soc 2,
972,soc 2 compliance checklist,Regulation,Commercial/Informational,Medium,P2,Blog/Pillar Page,/blog,gap,regulation-editorial,regulation:soc 2,Blog/Pillar Page
973,soc 2 compliance guide,Regulation,Commercial/Informational,Medium,P2,Blog/Pillar Page,/blog,gap,regulation-editorial,regulation:soc 2,Blog/Pillar Page
974,soc 2 compliance requirements,Regulation,Commercial/Informational,Low,P2,Blog/Pillar Page,/blog,gap,regulation-editorial,regulation:soc 2,Blog/Pillar Page
975,soc 2 compliance platform,Regulation,Commercial/Informational,Medium,P2,Blog/Pillar Page,/frameworks/soc2,existing,regulation-commercial,regulation:soc 2,
976,soc 2 compliance tool,Regulation,Commercial/Informational,Medium,P2,Blog/Pillar Page,/frameworks/soc2,existing,regulation-commercial,regulation:soc 2,
977,soc 2 compliance for startups,Regulation,Commercial/Informational,Medium,P2,Blog/Pillar Page,/frameworks/soc2,existing,regulation-commercial,regulation:soc 2,
978,soc 2 compliance for saas,Regulation,Commercial/Informational,Medium,P2,Blog/Pillar Page,/blog,gap,regulation-editorial,regulation:soc 2,Blog/Pillar Page
979,soc 2 compliance automation,Regulation,Commercial/Informational,Low,P2,Blog/Pillar Page,/frameworks/soc2,existing,regulation-commercial,regulation:soc 2,
980,soc 2 readiness assessment,Regulation,Commercial/Informational,Low,P2,Blog/Pillar Page,/frameworks/soc2,existing,regulation-commercial,regulation:soc 2,
981,soc 2 gap analysis,Regulation,Commercial/Informational,Low,P2,Blog/Pillar Page,/blog,gap,regulation-editorial,regulation:soc 2,Blog/Pillar Page
982,soc 2 audit checklist,Regulation,Commercial/Informational,Medium,P2,Blog/Pillar Page,/blog,gap,regulation-editorial,regulation:soc 2,Blog/Pillar Page
983,soc 2 certification,Regulation,Commercial/Informational,Medium,P2,Blog/Pillar Page,/blog,gap,regulation-editorial,regulation:soc 2,Blog/Pillar Page
984,soc 2 certification cost,Regulation,Commercial/Informational,Low,P2,Blog/Pillar Page,/blog,gap,regulation-editorial,regulation:soc 2,Blog/Pillar Page
985,soc 2 certification process,Regulation,Commercial/Informational,Medium,P2,Blog/Pillar Page,/blog,gap,regulation-editorial,regulation:soc 2,Blog/Pillar Page
986,soc 2 penalties,Regulation,Commercial/Informational,Medium,P2,Blog/Pillar Page,/blog,gap,regulation-editorial,regulation:soc 2,Blog/Pillar Page
987,soc 2 fines,Regulation,Commercial/Informational,Medium,P2,Blog/Pillar Page,/blog,gap,regulation-editorial,regulation:soc 2,Blog/Pillar Page
988,soc 2 deadline,Regulation,Commercial/Informational,High,P3 - Long Term,Blog/Pillar Page,/blog,gap,regulation-editorial,regulation:soc 2,Blog/Pillar Page
989,soc 2 deadline 2026,Regulation,Commercial/Informational,Low,P2,Blog/Pillar Page,/blog,gap,regulation-editorial,regulation:soc 2,Blog/Pillar Page
990,soc 2 implementation guide,Regulation,Commercial/Informational,Medium,P2,Blog/Pillar Page,/blog,gap,regulation-editorial,regulation:soc 2,Blog/Pillar Page
991,soc 2 implementation timeline,Regulation,Commercial/Informational,Low,P2,Blog/Pillar Page,/blog,gap,regulation-editorial,regulation:soc 2,Blog/Pillar Page
992,soc 2 for ai companies,Regulation,Commercial/Informational,Low,P2,Blog/Pillar Page,/frameworks/soc2,existing,regulation-commercial,regulation:soc 2,
993,soc 2 for healthtech,Regulation,Commercial/Informational,Medium,P2,Blog/Pillar Page,/solutions/healthcare,existing,regulation-vertical,regulation:soc 2,
994,soc 2 for fintech,Regulation,Commercial/Informational,Low,P2,Blog/Pillar Page,/solutions/fintech,existing,regulation-vertical,regulation:soc 2,
995,soc 2 vs gdpr,Regulation,Commercial/Informational,Medium,P2,Blog/Pillar Page,/blog,gap,regulation-editorial,regulation:soc 2,Blog/Pillar Page
996,soc 2 vs dpdp act,Regulation,Commercial/Informational,Medium,P2,Blog/Pillar Page,/blog,gap,regulation-editorial,regulation:dpdp act,Blog/Pillar Page
997,soc 2 consultants,Regulation,Commercial/Informational,High,P3 - Long Term,Blog/Pillar Page,/frameworks/soc2,existing,regulation-commercial,regulation:soc 2,
998,soc 2 consulting firm,Regulation,Commercial/Informational,Medium,P2,Blog/Pillar Page,/frameworks/soc2,existing,regulation-commercial,regulation:soc 2,
999,soc 2 compliance consultants india,Regulation,Commercial/Informational,Low,P2,Blog/Pillar Page,/frameworks/soc2,existing,regulation-commercial,regulation:soc 2,
1000,soc 2 training,Regulation,Commercial/Informational,Medium,P2,Blog/Pillar Page,/blog,gap,regulation-editorial,regulation:soc 2,Blog/Pillar Page
1001,soc 2 policy template,Regulation,Commercial/Informational,Medium,P2,Blog/Pillar Page,/blog,gap,regulation-editorial,regulation:soc 2,Blog/Pillar Page
1002,soc 2 risk assessment template,Regulation,Commercial/Informational,Low,P2,Blog/Pillar Page,/blog,gap,regulation-editorial,regulation:soc 2,Blog/Pillar Page
1003,gdpr,Regulation,Informational,Medium,P2,Blog/Pillar Page,/frameworks/gdpr,existing,regulation-head,regulation:gdpr,
1004,gdpr compliance,Regulation,Commercial/Informational,Medium,P2,Blog/Pillar Page,/blog,gap,regulation-editorial,regulation:gdpr,Blog/Pillar Page
1005,gdpr compliance software,Regulation,Commercial/Informational,Medium,P2,Blog/Pillar Page,/frameworks/gdpr,existing,regulation-commercial,regulation:gdpr,
1006,gdpr compliance checklist,Regulation,Commercial/Informational,High,P3 - Long Term,Blog/Pillar Page,/blog,gap,regulation-editorial,regulation:gdpr,Blog/Pillar Page
1007,gdpr compliance guide,Regulation,Commercial/Informational,Medium,P2,Blog/Pillar Page,/blog,gap,regulation-editorial,regulation:gdpr,Blog/Pillar Page
1008,gdpr compliance requirements,Regulation,Commercial/Informational,High,P3 - Long Term,Blog/Pillar Page,/blog,gap,regulation-editorial,regulation:gdpr,Blog/Pillar Page
1009,gdpr compliance platform,Regulation,Commercial/Informational,Medium,P2,Blog/Pillar Page,/frameworks/gdpr,existing,regulation-commercial,regulation:gdpr,
1010,gdpr compliance tool,Regulation,Commercial/Informational,Medium,P2,Blog/Pillar Page,/frameworks/gdpr,existing,regulation-commercial,regulation:gdpr,
1011,gdpr compliance for startups,Regulation,Commercial/Informational,Medium,P2,Blog/Pillar Page,/frameworks/gdpr,existing,regulation-commercial,regulation:gdpr,
1012,gdpr compliance for saas,Regulation,Commercial/Informational,Medium,P2,Blog/Pillar Page,/blog,gap,regulation-editorial,regulation:gdpr,Blog/Pillar Page
1013,gdpr compliance automation,Regulation,Commercial/Informational,High,P3 - Long Term,Blog/Pillar Page,/frameworks/gdpr,existing,regulation-commercial,regulation:gdpr,
1014,gdpr readiness assessment,Regulation,Commercial/Informational,High,P3 - Long Term,Blog/Pillar Page,/frameworks/gdpr,existing,regulation-commercial,regulation:gdpr,
1015,gdpr gap analysis,Regulation,Commercial/Informational,Medium,P2,Blog/Pillar Page,/blog,gap,regulation-editorial,regulation:gdpr,Blog/Pillar Page
1016,gdpr audit checklist,Regulation,Commercial/Informational,High,P3 - Long Term,Blog/Pillar Page,/blog,gap,regulation-editorial,regulation:gdpr,Blog/Pillar Page
1017,gdpr certification,Regulation,Commercial/Informational,High,P3 - Long Term,Blog/Pillar Page,/blog,gap,regulation-editorial,regulation:gdpr,Blog/Pillar Page
1018,gdpr certification cost,Regulation,Commercial/Informational,Medium,P2,Blog/Pillar Page,/blog,gap,regulation-editorial,regulation:gdpr,Blog/Pillar Page
1019,gdpr certification process,Regulation,Commercial/Informational,Medium,P2,Blog/Pillar Page,/blog,gap,regulation-editorial,regulation:gdpr,Blog/Pillar Page
1020,gdpr penalties,Regulation,Commercial/Informational,High,P3 - Long Term,Blog/Pillar Page,/blog,gap,regulation-editorial,regulation:gdpr,Blog/Pillar Page
1021,gdpr fines,Regulation,Commercial/Informational,High,P3 - Long Term,Blog/Pillar Page,/blog,gap,regulation-editorial,regulation:gdpr,Blog/Pillar Page
1022,gdpr deadline,Regulation,Commercial/Informational,High,P3 - Long Term,Blog/Pillar Page,/blog,gap,regulation-editorial,regulation:gdpr,Blog/Pillar Page
1023,gdpr deadline 2026,Regulation,Commercial/Informational,High,P3 - Long Term,Blog/Pillar Page,/blog,gap,regulation-editorial,regulation:gdpr,Blog/Pillar Page
1024,gdpr implementation guide,Regulation,Commercial/Informational,High,P3 - Long Term,Blog/Pillar Page,/blog,gap,regulation-editorial,regulation:gdpr,Blog/Pillar Page
1025,gdpr implementation timeline,Regulation,Commercial/Informational,High,P3 - Long Term,Blog/Pillar Page,/blog,gap,regulation-editorial,regulation:gdpr,Blog/Pillar Page
1026,gdpr for ai companies,Regulation,Commercial/Informational,Medium,P2,Blog/Pillar Page,/frameworks/gdpr,existing,regulation-commercial,regulation:gdpr,
1027,gdpr for healthtech,Regulation,Commercial/Informational,Medium,P2,Blog/Pillar Page,/solutions/healthcare,existing,regulation-vertical,regulation:gdpr,
1028,gdpr for fintech,Regulation,Commercial/Informational,High,P3 - Long Term,Blog/Pillar Page,/solutions/fintech,existing,regulation-vertical,regulation:gdpr,
1029,gdpr vs gdpr,Regulation,Commercial/Informational,High,P3 - Long Term,Blog/Pillar Page,/blog,gap,regulation-editorial,regulation:gdpr,Blog/Pillar Page
1030,gdpr vs dpdp act,Regulation,Commercial/Informational,Low,P2,Blog/Pillar Page,/blog,gap,regulation-editorial,regulation:dpdp act,Blog/Pillar Page
1031,gdpr consultants,Regulation,Commercial/Informational,Medium,P2,Blog/Pillar Page,/frameworks/gdpr,existing,regulation-commercial,regulation:gdpr,
1032,gdpr consulting firm,Regulation,Commercial/Informational,High,P3 - Long Term,Blog/Pillar Page,/frameworks/gdpr,existing,regulation-commercial,regulation:gdpr,
1033,gdpr compliance consultants india,Regulation,Commercial/Informational,Medium,P2,Blog/Pillar Page,/frameworks/gdpr,existing,regulation-commercial,regulation:gdpr,
1034,gdpr training,Regulation,Commercial/Informational,High,P3 - Long Term,Blog/Pillar Page,/blog,gap,regulation-editorial,regulation:gdpr,Blog/Pillar Page
1035,gdpr policy template,Regulation,Commercial/Informational,High,P3 - Long Term,Blog/Pillar Page,/blog,gap,regulation-editorial,regulation:gdpr,Blog/Pillar Page
1036,gdpr risk assessment template,Regulation,Commercial/Informational,Low,P2,Blog/Pillar Page,/blog,gap,regulation-editorial,regulation:gdpr,Blog/Pillar Page
1037,ccpa,Regulation,Informational,High,P3 - Long Term,Blog/Pillar Page,/blog,gap,regulation-no-page-editorial,regulation:ccpa,Blog/Pillar Page
1038,ccpa compliance,Regulation,Commercial/Informational,High,P3 - Long Term,Blog/Pillar Page,/blog,gap,regulation-no-page-editorial,regulation:ccpa,Blog/Pillar Page
1039,ccpa compliance software,Regulation,Commercial/Informational,Medium,P2,Blog/Pillar Page,/frameworks/ccpa,gap,regulation-no-page,regulation:ccpa,Landing/Product Page
1040,ccpa compliance checklist,Regulation,Commercial/Informational,Medium,P2,Blog/Pillar Page,/blog,gap,regulation-no-page-editorial,regulation:ccpa,Blog/Pillar Page
1041,ccpa compliance guide,Regulation,Commercial/Informational,High,P3 - Long Term,Blog/Pillar Page,/blog,gap,regulation-no-page-editorial,regulation:ccpa,Blog/Pillar Page
1042,ccpa compliance requirements,Regulation,Commercial/Informational,High,P3 - Long Term,Blog/Pillar Page,/blog,gap,regulation-no-page-editorial,regulation:ccpa,Blog/Pillar Page
1043,ccpa compliance platform,Regulation,Commercial/Informational,Medium,P2,Blog/Pillar Page,/frameworks/ccpa,gap,regulation-no-page,regulation:ccpa,Landing/Product Page
1044,ccpa compliance tool,Regulation,Commercial/Informational,High,P3 - Long Term,Blog/Pillar Page,/frameworks/ccpa,gap,regulation-no-page,regulation:ccpa,Landing/Product Page
1045,ccpa compliance for startups,Regulation,Commercial/Informational,Low,P2,Blog/Pillar Page,/frameworks/ccpa,gap,regulation-no-page,regulation:ccpa,Landing/Product Page
1046,ccpa compliance for saas,Regulation,Commercial/Informational,Low,P2,Blog/Pillar Page,/blog,gap,regulation-no-page-editorial,regulation:ccpa,Blog/Pillar Page
1047,ccpa compliance automation,Regulation,Commercial/Informational,High,P3 - Long Term,Blog/Pillar Page,/frameworks/ccpa,gap,regulation-no-page,regulation:ccpa,Landing/Product Page
1048,ccpa readiness assessment,Regulation,Commercial/Informational,Medium,P2,Blog/Pillar Page,/frameworks/ccpa,gap,regulation-no-page,regulation:ccpa,Landing/Product Page
1049,ccpa gap analysis,Regulation,Commercial/Informational,Medium,P2,Blog/Pillar Page,/blog,gap,regulation-no-page-editorial,regulation:ccpa,Blog/Pillar Page
1050,ccpa audit checklist,Regulation,Commercial/Informational,Medium,P2,Blog/Pillar Page,/blog,gap,regulation-no-page-editorial,regulation:ccpa,Blog/Pillar Page
1051,ccpa certification,Regulation,Commercial/Informational,High,P3 - Long Term,Blog/Pillar Page,/blog,gap,regulation-no-page-editorial,regulation:ccpa,Blog/Pillar Page
1052,ccpa certification cost,Regulation,Commercial/Informational,High,P3 - Long Term,Blog/Pillar Page,/blog,gap,regulation-no-page-editorial,regulation:ccpa,Blog/Pillar Page
1053,ccpa certification process,Regulation,Commercial/Informational,Medium,P2,Blog/Pillar Page,/blog,gap,regulation-no-page-editorial,regulation:ccpa,Blog/Pillar Page
1054,ccpa penalties,Regulation,Commercial/Informational,High,P3 - Long Term,Blog/Pillar Page,/blog,gap,regulation-no-page-editorial,regulation:ccpa,Blog/Pillar Page
1055,ccpa fines,Regulation,Commercial/Informational,Medium,P2,Blog/Pillar Page,/blog,gap,regulation-no-page-editorial,regulation:ccpa,Blog/Pillar Page
1056,ccpa deadline,Regulation,Commercial/Informational,Medium,P2,Blog/Pillar Page,/blog,gap,regulation-no-page-editorial,regulation:ccpa,Blog/Pillar Page
1057,ccpa deadline 2026,Regulation,Commercial/Informational,High,P3 - Long Term,Blog/Pillar Page,/blog,gap,regulation-no-page-editorial,regulation:ccpa,Blog/Pillar Page
1058,ccpa implementation guide,Regulation,Commercial/Informational,High,P3 - Long Term,Blog/Pillar Page,/blog,gap,regulation-no-page-editorial,regulation:ccpa,Blog/Pillar Page
1059,ccpa implementation timeline,Regulation,Commercial/Informational,High,P3 - Long Term,Blog/Pillar Page,/blog,gap,regulation-no-page-editorial,regulation:ccpa,Blog/Pillar Page
1060,ccpa for ai companies,Regulation,Commercial/Informational,Low,P2,Blog/Pillar Page,/frameworks/ccpa,gap,regulation-no-page,regulation:ccpa,Landing/Product Page
1061,ccpa for healthtech,Regulation,Commercial/Informational,Medium,P2,Blog/Pillar Page,/solutions/healthcare,existing,regulation-vertical,regulation:ccpa,
1062,ccpa for fintech,Regulation,Commercial/Informational,Medium,P2,Blog/Pillar Page,/solutions/fintech,existing,regulation-vertical,regulation:ccpa,
1063,ccpa vs gdpr,Regulation,Commercial/Informational,High,P3 - Long Term,Blog/Pillar Page,/blog,gap,regulation-editorial,regulation:gdpr,Blog/Pillar Page
1064,ccpa vs dpdp act,Regulation,Commercial/Informational,Medium,P2,Blog/Pillar Page,/blog,gap,regulation-editorial,regulation:dpdp act,Blog/Pillar Page
1065,ccpa consultants,Regulation,Commercial/Informational,Medium,P2,Blog/Pillar Page,/frameworks/ccpa,gap,regulation-no-page,regulation:ccpa,Landing/Product Page
1066,ccpa consulting firm,Regulation,Commercial/Informational,High,P3 - Long Term,Blog/Pillar Page,/frameworks/ccpa,gap,regulation-no-page,regulation:ccpa,Landing/Product Page
1067,ccpa compliance consultants india,Regulation,Commercial/Informational,Medium,P2,Blog/Pillar Page,/frameworks/ccpa,gap,regulation-no-page,regulation:ccpa,Landing/Product Page
1068,ccpa training,Regulation,Commercial/Informational,High,P3 - Long Term,Blog/Pillar Page,/blog,gap,regulation-no-page-editorial,regulation:ccpa,Blog/Pillar Page
1069,ccpa policy template,Regulation,Commercial/Informational,High,P3 - Long Term,Blog/Pillar Page,/blog,gap,regulation-no-page-editorial,regulation:ccpa,Blog/Pillar Page
1070,ccpa risk assessment template,Regulation,Commercial/Informational,Low,P2,Blog/Pillar Page,/blog,gap,regulation-no-page-editorial,regulation:ccpa,Blog/Pillar Page
1071,hipaa,Regulation,Informational,High,P3 - Long Term,Blog/Pillar Page,/frameworks/hipaa,existing,regulation-head,regulation:hipaa,
1072,hipaa compliance,Regulation,Commercial/Informational,Medium,P2,Blog/Pillar Page,/blog,gap,regulation-editorial,regulation:hipaa,Blog/Pillar Page
1073,hipaa compliance software,Regulation,Commercial/Informational,Medium,P2,Blog/Pillar Page,/frameworks/hipaa,existing,regulation-commercial,regulation:hipaa,
1074,hipaa compliance checklist,Regulation,Commercial/Informational,Medium,P2,Blog/Pillar Page,/blog,gap,regulation-editorial,regulation:hipaa,Blog/Pillar Page
1075,hipaa compliance guide,Regulation,Commercial/Informational,High,P3 - Long Term,Blog/Pillar Page,/blog,gap,regulation-editorial,regulation:hipaa,Blog/Pillar Page
1076,hipaa compliance requirements,Regulation,Commercial/Informational,High,P3 - Long Term,Blog/Pillar Page,/blog,gap,regulation-editorial,regulation:hipaa,Blog/Pillar Page
1077,hipaa compliance platform,Regulation,Commercial/Informational,Medium,P2,Blog/Pillar Page,/frameworks/hipaa,existing,regulation-commercial,regulation:hipaa,
1078,hipaa compliance tool,Regulation,Commercial/Informational,High,P3 - Long Term,Blog/Pillar Page,/frameworks/hipaa,existing,regulation-commercial,regulation:hipaa,
1079,hipaa compliance for startups,Regulation,Commercial/Informational,Low,P2,Blog/Pillar Page,/frameworks/hipaa,existing,regulation-commercial,regulation:hipaa,
1080,hipaa compliance for saas,Regulation,Commercial/Informational,Medium,P2,Blog/Pillar Page,/blog,gap,regulation-editorial,regulation:hipaa,Blog/Pillar Page
1081,hipaa compliance automation,Regulation,Commercial/Informational,Medium,P2,Blog/Pillar Page,/frameworks/hipaa,existing,regulation-commercial,regulation:hipaa,
1082,hipaa readiness assessment,Regulation,Commercial/Informational,High,P3 - Long Term,Blog/Pillar Page,/frameworks/hipaa,existing,regulation-commercial,regulation:hipaa,
1083,hipaa gap analysis,Regulation,Commercial/Informational,High,P3 - Long Term,Blog/Pillar Page,/blog,gap,regulation-editorial,regulation:hipaa,Blog/Pillar Page
1084,hipaa audit checklist,Regulation,Commercial/Informational,High,P3 - Long Term,Blog/Pillar Page,/blog,gap,regulation-editorial,regulation:hipaa,Blog/Pillar Page
1085,hipaa certification,Regulation,Commercial/Informational,High,P3 - Long Term,Blog/Pillar Page,/blog,gap,regulation-editorial,regulation:hipaa,Blog/Pillar Page
1086,hipaa certification cost,Regulation,Commercial/Informational,High,P3 - Long Term,Blog/Pillar Page,/blog,gap,regulation-editorial,regulation:hipaa,Blog/Pillar Page
1087,hipaa certification process,Regulation,Commercial/Informational,Medium,P2,Blog/Pillar Page,/blog,gap,regulation-editorial,regulation:hipaa,Blog/Pillar Page
1088,hipaa penalties,Regulation,Commercial/Informational,Medium,P2,Blog/Pillar Page,/blog,gap,regulation-editorial,regulation:hipaa,Blog/Pillar Page
1089,hipaa fines,Regulation,Commercial/Informational,High,P3 - Long Term,Blog/Pillar Page,/blog,gap,regulation-editorial,regulation:hipaa,Blog/Pillar Page
1090,hipaa deadline,Regulation,Commercial/Informational,Medium,P2,Blog/Pillar Page,/blog,gap,regulation-editorial,regulation:hipaa,Blog/Pillar Page
1091,hipaa deadline 2026,Regulation,Commercial/Informational,High,P3 - Long Term,Blog/Pillar Page,/blog,gap,regulation-editorial,regulation:hipaa,Blog/Pillar Page
1092,hipaa implementation guide,Regulation,Commercial/Informational,Medium,P2,Blog/Pillar Page,/blog,gap,regulation-editorial,regulation:hipaa,Blog/Pillar Page
1093,hipaa implementation timeline,Regulation,Commercial/Informational,Medium,P2,Blog/Pillar Page,/blog,gap,regulation-editorial,regulation:hipaa,Blog/Pillar Page
1094,hipaa for ai companies,Regulation,Commercial/Informational,Medium,P2,Blog/Pillar Page,/frameworks/hipaa,existing,regulation-commercial,regulation:hipaa,
1095,hipaa for healthtech,Regulation,Commercial/Informational,High,P3 - Long Term,Blog/Pillar Page,/solutions/healthcare,existing,regulation-vertical,regulation:hipaa,
1096,hipaa for fintech,Regulation,Commercial/Informational,High,P3 - Long Term,Blog/Pillar Page,/solutions/fintech,existing,regulation-vertical,regulation:hipaa,
1097,hipaa vs gdpr,Regulation,Commercial/Informational,Medium,P2,Blog/Pillar Page,/blog,gap,regulation-editorial,regulation:hipaa,Blog/Pillar Page
1098,hipaa vs dpdp act,Regulation,Commercial/Informational,Low,P2,Blog/Pillar Page,/blog,gap,regulation-editorial,regulation:dpdp act,Blog/Pillar Page
1099,hipaa consultants,Regulation,Commercial/Informational,Medium,P2,Blog/Pillar Page,/frameworks/hipaa,existing,regulation-commercial,regulation:hipaa,
1100,hipaa consulting firm,Regulation,Commercial/Informational,Medium,P2,Blog/Pillar Page,/frameworks/hipaa,existing,regulation-commercial,regulation:hipaa,
1101,hipaa compliance consultants india,Regulation,Commercial/Informational,Medium,P2,Blog/Pillar Page,/frameworks/hipaa,existing,regulation-commercial,regulation:hipaa,
1102,hipaa training,Regulation,Commercial/Informational,High,P3 - Long Term,Blog/Pillar Page,/blog,gap,regulation-editorial,regulation:hipaa,Blog/Pillar Page
1103,hipaa policy template,Regulation,Commercial/Informational,Medium,P2,Blog/Pillar Page,/blog,gap,regulation-editorial,regulation:hipaa,Blog/Pillar Page
1104,hipaa risk assessment template,Regulation,Commercial/Informational,Low,P2,Blog/Pillar Page,/blog,gap,regulation-editorial,regulation:hipaa,Blog/Pillar Page
1105,china ai regulations,Regulation,Informational,Medium,P2,Blog/Pillar Page,/blog,gap,regulation-no-page-editorial,regulation:china ai regulations,Blog/Pillar Page
1106,china ai regulations compliance,Regulation,Commercial/Informational,Low,P2,Blog/Pillar Page,/blog,gap,regulation-no-page-editorial,regulation:china ai regulations,Blog/Pillar Page
1107,china ai regulations compliance software,Regulation,Commercial/Informational,Medium,P2,Blog/Pillar Page,/frameworks/china-ai-regulations,gap,regulation-no-page,regulation:china ai regulations,Landing/Product Page
1108,china ai regulations compliance checklist,Regulation,Commercial/Informational,Medium,P2,Blog/Pillar Page,/blog,gap,regulation-no-page-editorial,regulation:china ai regulations,Blog/Pillar Page
1109,china ai regulations compliance guide,Regulation,Commercial/Informational,Medium,P2,Blog/Pillar Page,/blog,gap,regulation-no-page-editorial,regulation:china ai regulations,Blog/Pillar Page
1110,china ai regulations compliance requirements,Regulation,Commercial/Informational,Medium,P2,Blog/Pillar Page,/blog,gap,regulation-no-page-editorial,regulation:china ai regulations,Blog/Pillar Page
1111,china ai regulations compliance platform,Regulation,Commercial/Informational,Low,P2,Blog/Pillar Page,/frameworks/china-ai-regulations,gap,regulation-no-page,regulation:china ai regulations,Landing/Product Page
1112,china ai regulations compliance tool,Regulation,Commercial/Informational,Medium,P2,Blog/Pillar Page,/frameworks/china-ai-regulations,gap,regulation-no-page,regulation:china ai regulations,Landing/Product Page
1113,china ai regulations compliance for startups,Regulation,Commercial/Informational,Low,P2,Blog/Pillar Page,/frameworks/china-ai-regulations,gap,regulation-no-page,regulation:china ai regulations,Landing/Product Page
1114,china ai regulations compliance for saas,Regulation,Commercial/Informational,Low,P2,Blog/Pillar Page,/blog,gap,regulation-no-page-editorial,regulation:china ai regulations,Blog/Pillar Page
1115,china ai regulations compliance automation,Regulation,Commercial/Informational,Low,P2,Blog/Pillar Page,/frameworks/china-ai-regulations,gap,regulation-no-page,regulation:china ai regulations,Landing/Product Page
1116,china ai regulations readiness assessment,Regulation,Commercial/Informational,Medium,P2,Blog/Pillar Page,/frameworks/china-ai-regulations,gap,regulation-no-page,regulation:china ai regulations,Landing/Product Page
1117,china ai regulations gap analysis,Regulation,Commercial/Informational,Medium,P2,Blog/Pillar Page,/blog,gap,regulation-no-page-editorial,regulation:china ai regulations,Blog/Pillar Page
1118,china ai regulations audit checklist,Regulation,Commercial/Informational,Medium,P2,Blog/Pillar Page,/blog,gap,regulation-no-page-editorial,regulation:china ai regulations,Blog/Pillar Page
1119,china ai regulations certification,Regulation,Commercial/Informational,Low,P2,Blog/Pillar Page,/blog,gap,regulation-no-page-editorial,regulation:china ai regulations,Blog/Pillar Page
1120,china ai regulations certification cost,Regulation,Commercial/Informational,Medium,P2,Blog/Pillar Page,/blog,gap,regulation-no-page-editorial,regulation:china ai regulations,Blog/Pillar Page
1121,china ai regulations certification process,Regulation,Commercial/Informational,Low,P2,Blog/Pillar Page,/blog,gap,regulation-no-page-editorial,regulation:china ai regulations,Blog/Pillar Page
1122,china ai regulations penalties,Regulation,Commercial/Informational,Medium,P2,Blog/Pillar Page,/blog,gap,regulation-no-page-editorial,regulation:china ai regulations,Blog/Pillar Page
1123,china ai regulations fines,Regulation,Commercial/Informational,Medium,P2,Blog/Pillar Page,/blog,gap,regulation-no-page-editorial,regulation:china ai regulations,Blog/Pillar Page
1124,china ai regulations deadline,Regulation,Commercial/Informational,Low,P2,Blog/Pillar Page,/blog,gap,regulation-no-page-editorial,regulation:china ai regulations,Blog/Pillar Page
1125,china ai regulations deadline 2026,Regulation,Commercial/Informational,Medium,P2,Blog/Pillar Page,/blog,gap,regulation-no-page-editorial,regulation:china ai regulations,Blog/Pillar Page
1126,china ai regulations implementation guide,Regulation,Commercial/Informational,Low,P2,Blog/Pillar Page,/blog,gap,regulation-no-page-editorial,regulation:china ai regulations,Blog/Pillar Page
1127,china ai regulations implementation timeline,Regulation,Commercial/Informational,Medium,P2,Blog/Pillar Page,/blog,gap,regulation-no-page-editorial,regulation:china ai regulations,Blog/Pillar Page
1128,china ai regulations for ai companies,Regulation,Commercial/Informational,Low,P2,Blog/Pillar Page,/frameworks/china-ai-regulations,gap,regulation-no-page,regulation:china ai regulations,Landing/Product Page
1129,china ai regulations for healthtech,Regulation,Commercial/Informational,Medium,P2,Blog/Pillar Page,/solutions/healthcare,existing,regulation-vertical,regulation:china ai regulations,
1130,china ai regulations for fintech,Regulation,Commercial/Informational,Low,P2,Blog/Pillar Page,/solutions/fintech,existing,regulation-vertical,regulation:china ai regulations,
1131,china ai regulations vs gdpr,Regulation,Commercial/Informational,Medium,P2,Blog/Pillar Page,/blog,gap,regulation-no-page-editorial,regulation:china ai regulations,Blog/Pillar Page
1132,china ai regulations vs dpdp act,Regulation,Commercial/Informational,Low,P2,Blog/Pillar Page,/blog,gap,regulation-no-page-editorial,regulation:china ai regulations,Blog/Pillar Page
1133,china ai regulations consultants,Regulation,Commercial/Informational,Medium,P2,Blog/Pillar Page,/frameworks/china-ai-regulations,gap,regulation-no-page,regulation:china ai regulations,Landing/Product Page
1134,china ai regulations consulting firm,Regulation,Commercial/Informational,Low,P2,Blog/Pillar Page,/frameworks/china-ai-regulations,gap,regulation-no-page,regulation:china ai regulations,Landing/Product Page
1135,china ai regulations compliance consultants india,Regulation,Commercial/Informational,Low,P2,Blog/Pillar Page,/frameworks/china-ai-regulations,gap,regulation-no-page,regulation:china ai regulations,Landing/Product Page
1136,china ai regulations training,Regulation,Commercial/Informational,Low,P2,Blog/Pillar Page,/blog,gap,regulation-no-page-editorial,regulation:china ai regulations,Blog/Pillar Page
1137,china ai regulations policy template,Regulation,Commercial/Informational,Medium,P2,Blog/Pillar Page,/blog,gap,regulation-no-page-editorial,regulation:china ai regulations,Blog/Pillar Page
1138,china ai regulations risk assessment template,Regulation,Commercial/Informational,Low,P2,Blog/Pillar Page,/blog,gap,regulation-no-page-editorial,regulation:china ai regulations,Blog/Pillar Page
1139,uk ai regulation,Regulation,Informational,Medium,P2,Blog/Pillar Page,/blog,gap,regulation-no-page-editorial,regulation:uk ai regulation,Blog/Pillar Page
1140,uk ai regulation compliance,Regulation,Commercial/Informational,Low,P2,Blog/Pillar Page,/blog,gap,regulation-no-page-editorial,regulation:uk ai regulation,Blog/Pillar Page
1141,uk ai regulation compliance software,Regulation,Commercial/Informational,Low,P2,Blog/Pillar Page,/frameworks/uk-ai-regulation,gap,regulation-no-page,regulation:uk ai regulation,Landing/Product Page
1142,uk ai regulation compliance checklist,Regulation,Commercial/Informational,Low,P2,Blog/Pillar Page,/blog,gap,regulation-no-page-editorial,regulation:uk ai regulation,Blog/Pillar Page
1143,uk ai regulation compliance guide,Regulation,Commercial/Informational,Medium,P2,Blog/Pillar Page,/blog,gap,regulation-no-page-editorial,regulation:uk ai regulation,Blog/Pillar Page
1144,uk ai regulation compliance requirements,Regulation,Commercial/Informational,Low,P2,Blog/Pillar Page,/blog,gap,regulation-no-page-editorial,regulation:uk ai regulation,Blog/Pillar Page
1145,uk ai regulation compliance platform,Regulation,Commercial/Informational,Low,P2,Blog/Pillar Page,/frameworks/uk-ai-regulation,gap,regulation-no-page,regulation:uk ai regulation,Landing/Product Page
1146,uk ai regulation compliance tool,Regulation,Commercial/Informational,Low,P2,Blog/Pillar Page,/frameworks/uk-ai-regulation,gap,regulation-no-page,regulation:uk ai regulation,Landing/Product Page
1147,uk ai regulation compliance for startups,Regulation,Commercial/Informational,Low,P2,Blog/Pillar Page,/frameworks/uk-ai-regulation,gap,regulation-no-page,regulation:uk ai regulation,Landing/Product Page
1148,uk ai regulation compliance for saas,Regulation,Commercial/Informational,Low,P2,Blog/Pillar Page,/blog,gap,regulation-no-page-editorial,regulation:uk ai regulation,Blog/Pillar Page
1149,uk ai regulation compliance automation,Regulation,Commercial/Informational,Low,P2,Blog/Pillar Page,/frameworks/uk-ai-regulation,gap,regulation-no-page,regulation:uk ai regulation,Landing/Product Page
1150,uk ai regulation readiness assessment,Regulation,Commercial/Informational,Low,P2,Blog/Pillar Page,/frameworks/uk-ai-regulation,gap,regulation-no-page,regulation:uk ai regulation,Landing/Product Page
1151,uk ai regulation gap analysis,Regulation,Commercial/Informational,Low,P2,Blog/Pillar Page,/blog,gap,regulation-no-page-editorial,regulation:uk ai regulation,Blog/Pillar Page
1152,uk ai regulation audit checklist,Regulation,Commercial/Informational,Low,P2,Blog/Pillar Page,/blog,gap,regulation-no-page-editorial,regulation:uk ai regulation,Blog/Pillar Page
1153,uk ai regulation certification,Regulation,Commercial/Informational,Medium,P2,Blog/Pillar Page,/blog,gap,regulation-no-page-editorial,regulation:uk ai regulation,Blog/Pillar Page
1154,uk ai regulation certification cost,Regulation,Commercial/Informational,Low,P2,Blog/Pillar Page,/blog,gap,regulation-no-page-editorial,regulation:uk ai regulation,Blog/Pillar Page
1155,uk ai regulation certification process,Regulation,Commercial/Informational,Low,P2,Blog/Pillar Page,/blog,gap,regulation-no-page-editorial,regulation:uk ai regulation,Blog/Pillar Page
1156,uk ai regulation penalties,Regulation,Commercial/Informational,Medium,P2,Blog/Pillar Page,/blog,gap,regulation-no-page-editorial,regulation:uk ai regulation,Blog/Pillar Page
1157,uk ai regulation fines,Regulation,Commercial/Informational,Low,P2,Blog/Pillar Page,/blog,gap,regulation-no-page-editorial,regulation:uk ai regulation,Blog/Pillar Page
1158,uk ai regulation deadline,Regulation,Commercial/Informational,Low,P2,Blog/Pillar Page,/blog,gap,regulation-no-page-editorial,regulation:uk ai regulation,Blog/Pillar Page
1159,uk ai regulation deadline 2026,Regulation,Commercial/Informational,Medium,P2,Blog/Pillar Page,/blog,gap,regulation-no-page-editorial,regulation:uk ai regulation,Blog/Pillar Page
1160,uk ai regulation implementation guide,Regulation,Commercial/Informational,Low,P2,Blog/Pillar Page,/blog,gap,regulation-no-page-editorial,regulation:uk ai regulation,Blog/Pillar Page
1161,uk ai regulation implementation timeline,Regulation,Commercial/Informational,Low,P2,Blog/Pillar Page,/blog,gap,regulation-no-page-editorial,regulation:uk ai regulation,Blog/Pillar Page
1162,uk ai regulation for ai companies,Regulation,Commercial/Informational,Low,P2,Blog/Pillar Page,/frameworks/uk-ai-regulation,gap,regulation-no-page,regulation:uk ai regulation,Landing/Product Page
1163,uk ai regulation for healthtech,Regulation,Commercial/Informational,Low,P2,Blog/Pillar Page,/solutions/healthcare,existing,regulation-vertical,regulation:uk ai regulation,
1164,uk ai regulation for fintech,Regulation,Commercial/Informational,Low,P2,Blog/Pillar Page,/solutions/fintech,existing,regulation-vertical,regulation:uk ai regulation,
1165,uk ai regulation vs gdpr,Regulation,Commercial/Informational,Low,P2,Blog/Pillar Page,/blog,gap,regulation-no-page-editorial,regulation:uk ai regulation,Blog/Pillar Page
1166,uk ai regulation vs dpdp act,Regulation,Commercial/Informational,Low,P2,Blog/Pillar Page,/blog,gap,regulation-no-page-editorial,regulation:uk ai regulation,Blog/Pillar Page
1167,uk ai regulation consultants,Regulation,Commercial/Informational,Medium,P2,Blog/Pillar Page,/frameworks/uk-ai-regulation,gap,regulation-no-page,regulation:uk ai regulation,Landing/Product Page
1168,uk ai regulation consulting firm,Regulation,Commercial/Informational,Low,P2,Blog/Pillar Page,/frameworks/uk-ai-regulation,gap,regulation-no-page,regulation:uk ai regulation,Landing/Product Page
1169,uk ai regulation compliance consultants india,Regulation,Commercial/Informational,Low,P2,Blog/Pillar Page,/frameworks/uk-ai-regulation,gap,regulation-no-page,regulation:uk ai regulation,Landing/Product Page
1170,uk ai regulation training,Regulation,Commercial/Informational,Medium,P2,Blog/Pillar Page,/blog,gap,regulation-no-page-editorial,regulation:uk ai regulation,Blog/Pillar Page
1171,uk ai regulation policy template,Regulation,Commercial/Informational,Low,P2,Blog/Pillar Page,/blog,gap,regulation-no-page-editorial,regulation:uk ai regulation,Blog/Pillar Page
1172,uk ai regulation risk assessment template,Regulation,Commercial/Informational,Low,P2,Blog/Pillar Page,/blog,gap,regulation-no-page-editorial,regulation:uk ai regulation,Blog/Pillar Page
1173,singapore ai governance framework,Regulation,Informational,Low,P2,Blog/Pillar Page,/blog,gap,regulation-no-page-editorial,regulation:singapore ai governance framework,Blog/Pillar Page
1174,singapore ai governance framework compliance,Regulation,Commercial/Informational,Medium,P2,Blog/Pillar Page,/blog,gap,regulation-no-page-editorial,regulation:singapore ai governance framework,Blog/Pillar Page
1175,singapore ai governance framework compliance software,Regulation,Commercial/Informational,Low,P2,Blog/Pillar Page,/frameworks/singapore-ai-governance-framework,gap,regulation-no-page,regulation:singapore ai governance framework,Landing/Product Page
1176,singapore ai governance framework compliance checklist,Regulation,Commercial/Informational,Low,P2,Blog/Pillar Page,/blog,gap,regulation-no-page-editorial,regulation:singapore ai governance framework,Blog/Pillar Page
1177,singapore ai governance framework compliance guide,Regulation,Commercial/Informational,Low,P2,Blog/Pillar Page,/blog,gap,regulation-no-page-editorial,regulation:singapore ai governance framework,Blog/Pillar Page
1178,singapore ai governance framework compliance requirements,Regulation,Commercial/Informational,Low,P2,Blog/Pillar Page,/blog,gap,regulation-no-page-editorial,regulation:singapore ai governance framework,Blog/Pillar Page
1179,singapore ai governance framework compliance platform,Regulation,Commercial/Informational,Low,P2,Blog/Pillar Page,/frameworks/singapore-ai-governance-framework,gap,regulation-no-page,regulation:singapore ai governance framework,Landing/Product Page
1180,singapore ai governance framework compliance tool,Regulation,Commercial/Informational,Low,P2,Blog/Pillar Page,/frameworks/singapore-ai-governance-framework,gap,regulation-no-page,regulation:singapore ai governance framework,Landing/Product Page
1181,singapore ai governance framework compliance for startups,Regulation,Commercial/Informational,Low,P2,Blog/Pillar Page,/frameworks/singapore-ai-governance-framework,gap,regulation-no-page,regulation:singapore ai governance framework,Landing/Product Page
1182,singapore ai governance framework compliance for saas,Regulation,Commercial/Informational,Low,P2,Blog/Pillar Page,/blog,gap,regulation-no-page-editorial,regulation:singapore ai governance framework,Blog/Pillar Page
1183,singapore ai governance framework compliance automation,Regulation,Commercial/Informational,Low,P2,Blog/Pillar Page,/frameworks/singapore-ai-governance-framework,gap,regulation-no-page,regulation:singapore ai governance framework,Landing/Product Page
1184,singapore ai governance framework readiness assessment,Regulation,Commercial/Informational,Low,P2,Blog/Pillar Page,/frameworks/singapore-ai-governance-framework,gap,regulation-no-page,regulation:singapore ai governance framework,Landing/Product Page
1185,singapore ai governance framework gap analysis,Regulation,Commercial/Informational,Low,P2,Blog/Pillar Page,/blog,gap,regulation-no-page-editorial,regulation:singapore ai governance framework,Blog/Pillar Page
1186,singapore ai governance framework audit checklist,Regulation,Commercial/Informational,Low,P2,Blog/Pillar Page,/blog,gap,regulation-no-page-editorial,regulation:singapore ai governance framework,Blog/Pillar Page
1187,singapore ai governance framework certification,Regulation,Commercial/Informational,Low,P2,Blog/Pillar Page,/blog,gap,regulation-no-page-editorial,regulation:singapore ai governance framework,Blog/Pillar Page
1188,singapore ai governance framework certification cost,Regulation,Commercial/Informational,Low,P2,Blog/Pillar Page,/blog,gap,regulation-no-page-editorial,regulation:singapore ai governance framework,Blog/Pillar Page
1189,singapore ai governance framework certification process,Regulation,Commercial/Informational,Low,P2,Blog/Pillar Page,/blog,gap,regulation-no-page-editorial,regulation:singapore ai governance framework,Blog/Pillar Page
1190,singapore ai governance framework penalties,Regulation,Commercial/Informational,Low,P2,Blog/Pillar Page,/blog,gap,regulation-no-page-editorial,regulation:singapore ai governance framework,Blog/Pillar Page
1191,singapore ai governance framework fines,Regulation,Commercial/Informational,Medium,P2,Blog/Pillar Page,/blog,gap,regulation-no-page-editorial,regulation:singapore ai governance framework,Blog/Pillar Page
1192,singapore ai governance framework deadline,Regulation,Commercial/Informational,Low,P2,Blog/Pillar Page,/blog,gap,regulation-no-page-editorial,regulation:singapore ai governance framework,Blog/Pillar Page
1193,singapore ai governance framework deadline 2026,Regulation,Commercial/Informational,Low,P2,Blog/Pillar Page,/blog,gap,regulation-no-page-editorial,regulation:singapore ai governance framework,Blog/Pillar Page
1194,singapore ai governance framework implementation guide,Regulation,Commercial/Informational,Low,P2,Blog/Pillar Page,/blog,gap,regulation-no-page-editorial,regulation:singapore ai governance framework,Blog/Pillar Page
1195,singapore ai governance framework implementation timeline,Regulation,Commercial/Informational,Low,P2,Blog/Pillar Page,/blog,gap,regulation-no-page-editorial,regulation:singapore ai governance framework,Blog/Pillar Page
1196,singapore ai governance framework for ai companies,Regulation,Commercial/Informational,Low,P2,Blog/Pillar Page,/frameworks/singapore-ai-governance-framework,gap,regulation-no-page,regulation:singapore ai governance framework,Landing/Product Page
1197,singapore ai governance framework for healthtech,Regulation,Commercial/Informational,Low,P2,Blog/Pillar Page,/solutions/healthcare,existing,regulation-vertical,regulation:singapore ai governance framework,
1198,singapore ai governance framework for fintech,Regulation,Commercial/Informational,Low,P2,Blog/Pillar Page,/solutions/fintech,existing,regulation-vertical,regulation:singapore ai governance framework,
1199,singapore ai governance framework vs gdpr,Regulation,Commercial/Informational,Low,P2,Blog/Pillar Page,/blog,gap,regulation-no-page-editorial,regulation:singapore ai governance framework,Blog/Pillar Page
1200,singapore ai governance framework vs dpdp act,Regulation,Commercial/Informational,Low,P2,Blog/Pillar Page,/blog,gap,regulation-no-page-editorial,regulation:singapore ai governance framework,Blog/Pillar Page
1201,singapore ai governance framework consultants,Regulation,Commercial/Informational,Low,P2,Blog/Pillar Page,/frameworks/singapore-ai-governance-framework,gap,regulation-no-page,regulation:singapore ai governance framework,Landing/Product Page
1202,singapore ai governance framework consulting firm,Regulation,Commercial/Informational,Low,P2,Blog/Pillar Page,/frameworks/singapore-ai-governance-framework,gap,regulation-no-page,regulation:singapore ai governance framework,Landing/Product Page
1203,singapore ai governance framework compliance consultants india,Regulation,Commercial/Informational,Low,P2,Blog/Pillar Page,/frameworks/singapore-ai-governance-framework,gap,regulation-no-page,regulation:singapore ai governance framework,Landing/Product Page
1204,singapore ai governance framework training,Regulation,Commercial/Informational,Medium,P2,Blog/Pillar Page,/blog,gap,regulation-no-page-editorial,regulation:singapore ai governance framework,Blog/Pillar Page
1205,singapore ai governance framework policy template,Regulation,Commercial/Informational,Low,P2,Blog/Pillar Page,/blog,gap,regulation-no-page-editorial,regulation:singapore ai governance framework,Blog/Pillar Page
1206,singapore ai governance framework risk assessment template,Regulation,Commercial/Informational,Low,P2,Blog/Pillar Page,/blog,gap,regulation-no-page-editorial,regulation:singapore ai governance framework,Blog/Pillar Page
1207,canada aida,Regulation,Informational,High,P3 - Long Term,Blog/Pillar Page,/blog,gap,regulation-no-page-editorial,regulation:canada aida,Blog/Pillar Page
1208,canada aida compliance,Regulation,Commercial/Informational,High,P3 - Long Term,Blog/Pillar Page,/blog,gap,regulation-no-page-editorial,regulation:canada aida,Blog/Pillar Page
1209,canada aida compliance software,Regulation,Commercial/Informational,Low,P2,Blog/Pillar Page,/frameworks/canada-aida,gap,regulation-no-page,regulation:canada aida,Landing/Product Page
1210,canada aida compliance checklist,Regulation,Commercial/Informational,Medium,P2,Blog/Pillar Page,/blog,gap,regulation-no-page-editorial,regulation:canada aida,Blog/Pillar Page
1211,canada aida compliance guide,Regulation,Commercial/Informational,Low,P2,Blog/Pillar Page,/blog,gap,regulation-no-page-editorial,regulation:canada aida,Blog/Pillar Page
1212,canada aida compliance requirements,Regulation,Commercial/Informational,Low,P2,Blog/Pillar Page,/blog,gap,regulation-no-page-editorial,regulation:canada aida,Blog/Pillar Page
1213,canada aida compliance platform,Regulation,Commercial/Informational,Medium,P2,Blog/Pillar Page,/frameworks/canada-aida,gap,regulation-no-page,regulation:canada aida,Landing/Product Page
1214,canada aida compliance tool,Regulation,Commercial/Informational,Medium,P2,Blog/Pillar Page,/frameworks/canada-aida,gap,regulation-no-page,regulation:canada aida,Landing/Product Page
1215,canada aida compliance for startups,Regulation,Commercial/Informational,Low,P2,Blog/Pillar Page,/frameworks/canada-aida,gap,regulation-no-page,regulation:canada aida,Landing/Product Page
1216,canada aida compliance for saas,Regulation,Commercial/Informational,Low,P2,Blog/Pillar Page,/blog,gap,regulation-no-page-editorial,regulation:canada aida,Blog/Pillar Page
1217,canada aida compliance automation,Regulation,Commercial/Informational,Medium,P2,Blog/Pillar Page,/frameworks/canada-aida,gap,regulation-no-page,regulation:canada aida,Landing/Product Page
1218,canada aida readiness assessment,Regulation,Commercial/Informational,Medium,P2,Blog/Pillar Page,/frameworks/canada-aida,gap,regulation-no-page,regulation:canada aida,Landing/Product Page
1219,canada aida gap analysis,Regulation,Commercial/Informational,Medium,P2,Blog/Pillar Page,/blog,gap,regulation-no-page-editorial,regulation:canada aida,Blog/Pillar Page
1220,canada aida audit checklist,Regulation,Commercial/Informational,Low,P2,Blog/Pillar Page,/blog,gap,regulation-no-page-editorial,regulation:canada aida,Blog/Pillar Page
1221,canada aida certification,Regulation,Commercial/Informational,High,P3 - Long Term,Blog/Pillar Page,/blog,gap,regulation-no-page-editorial,regulation:canada aida,Blog/Pillar Page
1222,canada aida certification cost,Regulation,Commercial/Informational,Medium,P2,Blog/Pillar Page,/blog,gap,regulation-no-page-editorial,regulation:canada aida,Blog/Pillar Page
1223,canada aida certification process,Regulation,Commercial/Informational,Low,P2,Blog/Pillar Page,/blog,gap,regulation-no-page-editorial,regulation:canada aida,Blog/Pillar Page
1224,canada aida penalties,Regulation,Commercial/Informational,Medium,P2,Blog/Pillar Page,/blog,gap,regulation-no-page-editorial,regulation:canada aida,Blog/Pillar Page
1225,canada aida fines,Regulation,Commercial/Informational,High,P3 - Long Term,Blog/Pillar Page,/blog,gap,regulation-no-page-editorial,regulation:canada aida,Blog/Pillar Page
1226,canada aida deadline,Regulation,Commercial/Informational,Medium,P2,Blog/Pillar Page,/blog,gap,regulation-no-page-editorial,regulation:canada aida,Blog/Pillar Page
1227,canada aida deadline 2026,Regulation,Commercial/Informational,Low,P2,Blog/Pillar Page,/blog,gap,regulation-no-page-editorial,regulation:canada aida,Blog/Pillar Page
1228,canada aida implementation guide,Regulation,Commercial/Informational,Low,P2,Blog/Pillar Page,/blog,gap,regulation-no-page-editorial,regulation:canada aida,Blog/Pillar Page
1229,canada aida implementation timeline,Regulation,Commercial/Informational,Medium,P2,Blog/Pillar Page,/blog,gap,regulation-no-page-editorial,regulation:canada aida,Blog/Pillar Page
1230,canada aida for ai companies,Regulation,Commercial/Informational,Medium,P2,Blog/Pillar Page,/frameworks/canada-aida,gap,regulation-no-page,regulation:canada aida,Landing/Product Page
1231,canada aida for healthtech,Regulation,Commercial/Informational,Medium,P2,Blog/Pillar Page,/solutions/healthcare,existing,regulation-vertical,regulation:canada aida,
1232,canada aida for fintech,Regulation,Commercial/Informational,Medium,P2,Blog/Pillar Page,/solutions/fintech,existing,regulation-vertical,regulation:canada aida,
1233,canada aida vs gdpr,Regulation,Commercial/Informational,Medium,P2,Blog/Pillar Page,/blog,gap,regulation-no-page-editorial,regulation:canada aida,Blog/Pillar Page
1234,canada aida vs dpdp act,Regulation,Commercial/Informational,Medium,P2,Blog/Pillar Page,/blog,gap,regulation-no-page-editorial,regulation:canada aida,Blog/Pillar Page
1235,canada aida consultants,Regulation,Commercial/Informational,Medium,P2,Blog/Pillar Page,/frameworks/canada-aida,gap,regulation-no-page,regulation:canada aida,Landing/Product Page
1236,canada aida consulting firm,Regulation,Commercial/Informational,Low,P2,Blog/Pillar Page,/frameworks/canada-aida,gap,regulation-no-page,regulation:canada aida,Landing/Product Page
1237,canada aida compliance consultants india,Regulation,Commercial/Informational,Low,P2,Blog/Pillar Page,/frameworks/canada-aida,gap,regulation-no-page,regulation:canada aida,Landing/Product Page
1238,canada aida training,Regulation,Commercial/Informational,High,P3 - Long Term,Blog/Pillar Page,/blog,gap,regulation-no-page-editorial,regulation:canada aida,Blog/Pillar Page
1239,canada aida policy template,Regulation,Commercial/Informational,Medium,P2,Blog/Pillar Page,/blog,gap,regulation-no-page-editorial,regulation:canada aida,Blog/Pillar Page
1240,canada aida risk assessment template,Regulation,Commercial/Informational,Low,P2,Blog/Pillar Page,/blog,gap,regulation-no-page-editorial,regulation:canada aida,Blog/Pillar Page
1241,california ai law,Regulation,Informational,High,P3 - Long Term,Blog/Pillar Page,/blog,gap,regulation-no-page-editorial,regulation:california ai law,Blog/Pillar Page
1242,california ai law compliance,Regulation,Commercial/Informational,Medium,P2,Blog/Pillar Page,/blog,gap,regulation-no-page-editorial,regulation:california ai law,Blog/Pillar Page
1243,california ai law compliance software,Regulation,Commercial/Informational,Medium,P2,Blog/Pillar Page,/frameworks/california-ai-law,gap,regulation-no-page,regulation:california ai law,Landing/Product Page
1244,california ai law compliance checklist,Regulation,Commercial/Informational,Medium,P2,Blog/Pillar Page,/blog,gap,regulation-no-page-editorial,regulation:california ai law,Blog/Pillar Page
1245,california ai law compliance guide,Regulation,Commercial/Informational,Medium,P2,Blog/Pillar Page,/blog,gap,regulation-no-page-editorial,regulation:california ai law,Blog/Pillar Page
1246,california ai law compliance requirements,Regulation,Commercial/Informational,Low,P2,Blog/Pillar Page,/blog,gap,regulation-no-page-editorial,regulation:california ai law,Blog/Pillar Page
1247,california ai law compliance platform,Regulation,Commercial/Informational,Medium,P2,Blog/Pillar Page,/frameworks/california-ai-law,gap,regulation-no-page,regulation:california ai law,Landing/Product Page
1248,california ai law compliance tool,Regulation,Commercial/Informational,Medium,P2,Blog/Pillar Page,/frameworks/california-ai-law,gap,regulation-no-page,regulation:california ai law,Landing/Product Page
1249,california ai law compliance for startups,Regulation,Commercial/Informational,Low,P2,Blog/Pillar Page,/frameworks/california-ai-law,gap,regulation-no-page,regulation:california ai law,Landing/Product Page
1250,california ai law compliance for saas,Regulation,Commercial/Informational,Low,P2,Blog/Pillar Page,/blog,gap,regulation-no-page-editorial,regulation:california ai law,Blog/Pillar Page
1251,california ai law compliance automation,Regulation,Commercial/Informational,Medium,P2,Blog/Pillar Page,/frameworks/california-ai-law,gap,regulation-no-page,regulation:california ai law,Landing/Product Page
1252,california ai law readiness assessment,Regulation,Commercial/Informational,Medium,P2,Blog/Pillar Page,/frameworks/california-ai-law,gap,regulation-no-page,regulation:california ai law,Landing/Product Page
1253,california ai law gap analysis,Regulation,Commercial/Informational,Medium,P2,Blog/Pillar Page,/blog,gap,regulation-no-page-editorial,regulation:california ai law,Blog/Pillar Page
1254,california ai law audit checklist,Regulation,Commercial/Informational,Low,P2,Blog/Pillar Page,/blog,gap,regulation-no-page-editorial,regulation:california ai law,Blog/Pillar Page
1255,california ai law certification,Regulation,Commercial/Informational,Medium,P2,Blog/Pillar Page,/blog,gap,regulation-no-page-editorial,regulation:california ai law,Blog/Pillar Page
1256,california ai law certification cost,Regulation,Commercial/Informational,Low,P2,Blog/Pillar Page,/blog,gap,regulation-no-page-editorial,regulation:california ai law,Blog/Pillar Page
1257,california ai law certification process,Regulation,Commercial/Informational,Low,P2,Blog/Pillar Page,/blog,gap,regulation-no-page-editorial,regulation:california ai law,Blog/Pillar Page
1258,california ai law penalties,Regulation,Commercial/Informational,Low,P2,Blog/Pillar Page,/blog,gap,regulation-no-page-editorial,regulation:california ai law,Blog/Pillar Page
1259,california ai law fines,Regulation,Commercial/Informational,Low,P2,Blog/Pillar Page,/blog,gap,regulation-no-page-editorial,regulation:california ai law,Blog/Pillar Page
1260,california ai law deadline,Regulation,Commercial/Informational,Medium,P2,Blog/Pillar Page,/blog,gap,regulation-no-page-editorial,regulation:california ai law,Blog/Pillar Page
1261,california ai law deadline 2026,Regulation,Commercial/Informational,Low,P2,Blog/Pillar Page,/blog,gap,regulation-no-page-editorial,regulation:california ai law,Blog/Pillar Page
1262,california ai law implementation guide,Regulation,Commercial/Informational,Medium,P2,Blog/Pillar Page,/blog,gap,regulation-no-page-editorial,regulation:california ai law,Blog/Pillar Page
1263,california ai law implementation timeline,Regulation,Commercial/Informational,Low,P2,Blog/Pillar Page,/blog,gap,regulation-no-page-editorial,regulation:california ai law,Blog/Pillar Page
1264,california ai law for ai companies,Regulation,Commercial/Informational,Low,P2,Blog/Pillar Page,/frameworks/california-ai-law,gap,regulation-no-page,regulation:california ai law,Landing/Product Page
1265,california ai law for healthtech,Regulation,Commercial/Informational,Low,P2,Blog/Pillar Page,/solutions/healthcare,existing,regulation-vertical,regulation:california ai law,
1266,california ai law for fintech,Regulation,Commercial/Informational,Medium,P2,Blog/Pillar Page,/solutions/fintech,existing,regulation-vertical,regulation:california ai law,
1267,california ai law vs gdpr,Regulation,Commercial/Informational,Low,P2,Blog/Pillar Page,/blog,gap,regulation-no-page-editorial,regulation:california ai law,Blog/Pillar Page
1268,california ai law vs dpdp act,Regulation,Commercial/Informational,Low,P2,Blog/Pillar Page,/blog,gap,regulation-no-page-editorial,regulation:california ai law,Blog/Pillar Page
1269,california ai law consultants,Regulation,Commercial/Informational,Medium,P2,Blog/Pillar Page,/frameworks/california-ai-law,gap,regulation-no-page,regulation:california ai law,Landing/Product Page
1270,california ai law consulting firm,Regulation,Commercial/Informational,Medium,P2,Blog/Pillar Page,/frameworks/california-ai-law,gap,regulation-no-page,regulation:california ai law,Landing/Product Page
1271,california ai law compliance consultants india,Regulation,Commercial/Informational,Low,P2,Blog/Pillar Page,/frameworks/california-ai-law,gap,regulation-no-page,regulation:california ai law,Landing/Product Page
1272,california ai law training,Regulation,Commercial/Informational,Medium,P2,Blog/Pillar Page,/blog,gap,regulation-no-page-editorial,regulation:california ai law,Blog/Pillar Page
1273,california ai law policy template,Regulation,Commercial/Informational,Low,P2,Blog/Pillar Page,/blog,gap,regulation-no-page-editorial,regulation:california ai law,Blog/Pillar Page
1274,california ai law risk assessment template,Regulation,Commercial/Informational,Low,P2,Blog/Pillar Page,/blog,gap,regulation-no-page-editorial,regulation:california ai law,Blog/Pillar Page
1275,new york ai law,Regulation,Informational,Medium,P2,Blog/Pillar Page,/blog,gap,regulation-no-page-editorial,regulation:new york ai law,Blog/Pillar Page
1276,new york ai law compliance,Regulation,Commercial/Informational,Medium,P2,Blog/Pillar Page,/blog,gap,regulation-no-page-editorial,regulation:new york ai law,Blog/Pillar Page
1277,new york ai law compliance software,Regulation,Commercial/Informational,Low,P2,Blog/Pillar Page,/frameworks/new-york-ai-law,gap,regulation-no-page,regulation:new york ai law,Landing/Product Page
1278,new york ai law compliance checklist,Regulation,Commercial/Informational,Low,P2,Blog/Pillar Page,/blog,gap,regulation-no-page-editorial,regulation:new york ai law,Blog/Pillar Page
1279,new york ai law compliance guide,Regulation,Commercial/Informational,Low,P2,Blog/Pillar Page,/blog,gap,regulation-no-page-editorial,regulation:new york ai law,Blog/Pillar Page
1280,new york ai law compliance requirements,Regulation,Commercial/Informational,Low,P2,Blog/Pillar Page,/blog,gap,regulation-no-page-editorial,regulation:new york ai law,Blog/Pillar Page
1281,new york ai law compliance platform,Regulation,Commercial/Informational,Low,P2,Blog/Pillar Page,/frameworks/new-york-ai-law,gap,regulation-no-page,regulation:new york ai law,Landing/Product Page
1282,new york ai law compliance tool,Regulation,Commercial/Informational,Low,P2,Blog/Pillar Page,/frameworks/new-york-ai-law,gap,regulation-no-page,regulation:new york ai law,Landing/Product Page
1283,new york ai law compliance for startups,Regulation,Commercial/Informational,Low,P2,Blog/Pillar Page,/frameworks/new-york-ai-law,gap,regulation-no-page,regulation:new york ai law,Landing/Product Page
1284,new york ai law compliance for saas,Regulation,Commercial/Informational,Low,P2,Blog/Pillar Page,/blog,gap,regulation-no-page-editorial,regulation:new york ai law,Blog/Pillar Page
1285,new york ai law compliance automation,Regulation,Commercial/Informational,Low,P2,Blog/Pillar Page,/frameworks/new-york-ai-law,gap,regulation-no-page,regulation:new york ai law,Landing/Product Page
1286,new york ai law readiness assessment,Regulation,Commercial/Informational,Low,P2,Blog/Pillar Page,/frameworks/new-york-ai-law,gap,regulation-no-page,regulation:new york ai law,Landing/Product Page
1287,new york ai law gap analysis,Regulation,Commercial/Informational,Low,P2,Blog/Pillar Page,/blog,gap,regulation-no-page-editorial,regulation:new york ai law,Blog/Pillar Page
1288,new york ai law audit checklist,Regulation,Commercial/Informational,Low,P2,Blog/Pillar Page,/blog,gap,regulation-no-page-editorial,regulation:new york ai law,Blog/Pillar Page
1289,new york ai law certification,Regulation,Commercial/Informational,Medium,P2,Blog/Pillar Page,/blog,gap,regulation-no-page-editorial,regulation:new york ai law,Blog/Pillar Page
1290,new york ai law certification cost,Regulation,Commercial/Informational,Low,P2,Blog/Pillar Page,/blog,gap,regulation-no-page-editorial,regulation:new york ai law,Blog/Pillar Page
1291,new york ai law certification process,Regulation,Commercial/Informational,Low,P2,Blog/Pillar Page,/blog,gap,regulation-no-page-editorial,regulation:new york ai law,Blog/Pillar Page
1292,new york ai law penalties,Regulation,Commercial/Informational,Low,P2,Blog/Pillar Page,/blog,gap,regulation-no-page-editorial,regulation:new york ai law,Blog/Pillar Page
1293,new york ai law fines,Regulation,Commercial/Informational,Low,P2,Blog/Pillar Page,/blog,gap,regulation-no-page-editorial,regulation:new york ai law,Blog/Pillar Page
1294,new york ai law deadline,Regulation,Commercial/Informational,Low,P2,Blog/Pillar Page,/blog,gap,regulation-no-page-editorial,regulation:new york ai law,Blog/Pillar Page
1295,new york ai law deadline 2026,Regulation,Commercial/Informational,Low,P2,Blog/Pillar Page,/blog,gap,regulation-no-page-editorial,regulation:new york ai law,Blog/Pillar Page
1296,new york ai law implementation guide,Regulation,Commercial/Informational,Low,P2,Blog/Pillar Page,/blog,gap,regulation-no-page-editorial,regulation:new york ai law,Blog/Pillar Page
1297,new york ai law implementation timeline,Regulation,Commercial/Informational,Low,P2,Blog/Pillar Page,/blog,gap,regulation-no-page-editorial,regulation:new york ai law,Blog/Pillar Page
1298,new york ai law for ai companies,Regulation,Commercial/Informational,Low,P2,Blog/Pillar Page,/frameworks/new-york-ai-law,gap,regulation-no-page,regulation:new york ai law,Landing/Product Page
1299,new york ai law for healthtech,Regulation,Commercial/Informational,Low,P2,Blog/Pillar Page,/solutions/healthcare,existing,regulation-vertical,regulation:new york ai law,
1300,new york ai law for fintech,Regulation,Commercial/Informational,Low,P2,Blog/Pillar Page,/solutions/fintech,existing,regulation-vertical,regulation:new york ai law,
1301,new york ai law vs gdpr,Regulation,Commercial/Informational,Low,P2,Blog/Pillar Page,/blog,gap,regulation-no-page-editorial,regulation:new york ai law,Blog/Pillar Page
1302,new york ai law vs dpdp act,Regulation,Commercial/Informational,Low,P2,Blog/Pillar Page,/blog,gap,regulation-no-page-editorial,regulation:new york ai law,Blog/Pillar Page
1303,new york ai law consultants,Regulation,Commercial/Informational,Medium,P2,Blog/Pillar Page,/frameworks/new-york-ai-law,gap,regulation-no-page,regulation:new york ai law,Landing/Product Page
1304,new york ai law consulting firm,Regulation,Commercial/Informational,Low,P2,Blog/Pillar Page,/frameworks/new-york-ai-law,gap,regulation-no-page,regulation:new york ai law,Landing/Product Page
1305,new york ai law compliance consultants india,Regulation,Commercial/Informational,Low,P2,Blog/Pillar Page,/frameworks/new-york-ai-law,gap,regulation-no-page,regulation:new york ai law,Landing/Product Page
1306,new york ai law training,Regulation,Commercial/Informational,Low,P2,Blog/Pillar Page,/blog,gap,regulation-no-page-editorial,regulation:new york ai law,Blog/Pillar Page
1307,new york ai law policy template,Regulation,Commercial/Informational,Low,P2,Blog/Pillar Page,/blog,gap,regulation-no-page-editorial,regulation:new york ai law,Blog/Pillar Page
1308,new york ai law risk assessment template,Regulation,Commercial/Informational,Low,P2,Blog/Pillar Page,/blog,gap,regulation-no-page-editorial,regulation:new york ai law,Blog/Pillar Page
1309,utah ai policy act,Regulation,Informational,Low,P2,Blog/Pillar Page,/blog,gap,regulation-no-page-editorial,regulation:utah ai policy act,Blog/Pillar Page
1310,utah ai policy act compliance,Regulation,Commercial/Informational,Medium,P2,Blog/Pillar Page,/blog,gap,regulation-no-page-editorial,regulation:utah ai policy act,Blog/Pillar Page
1311,utah ai policy act compliance software,Regulation,Commercial/Informational,Low,P2,Blog/Pillar Page,/frameworks/utah-ai-policy-act,gap,regulation-no-page,regulation:utah ai policy act,Landing/Product Page
1312,utah ai policy act compliance checklist,Regulation,Commercial/Informational,Low,P2,Blog/Pillar Page,/blog,gap,regulation-no-page-editorial,regulation:utah ai policy act,Blog/Pillar Page
1313,utah ai policy act compliance guide,Regulation,Commercial/Informational,Low,P2,Blog/Pillar Page,/blog,gap,regulation-no-page-editorial,regulation:utah ai policy act,Blog/Pillar Page
1314,utah ai policy act compliance requirements,Regulation,Commercial/Informational,Low,P2,Blog/Pillar Page,/blog,gap,regulation-no-page-editorial,regulation:utah ai policy act,Blog/Pillar Page
1315,utah ai policy act compliance platform,Regulation,Commercial/Informational,Low,P2,Blog/Pillar Page,/frameworks/utah-ai-policy-act,gap,regulation-no-page,regulation:utah ai policy act,Landing/Product Page
1316,utah ai policy act compliance tool,Regulation,Commercial/Informational,Low,P2,Blog/Pillar Page,/frameworks/utah-ai-policy-act,gap,regulation-no-page,regulation:utah ai policy act,Landing/Product Page
1317,utah ai policy act compliance for startups,Regulation,Commercial/Informational,Low,P2,Blog/Pillar Page,/frameworks/utah-ai-policy-act,gap,regulation-no-page,regulation:utah ai policy act,Landing/Product Page
1318,utah ai policy act compliance for saas,Regulation,Commercial/Informational,Low,P2,Blog/Pillar Page,/blog,gap,regulation-no-page-editorial,regulation:utah ai policy act,Blog/Pillar Page
1319,utah ai policy act compliance automation,Regulation,Commercial/Informational,Low,P2,Blog/Pillar Page,/frameworks/utah-ai-policy-act,gap,regulation-no-page,regulation:utah ai policy act,Landing/Product Page
1320,utah ai policy act readiness assessment,Regulation,Commercial/Informational,Low,P2,Blog/Pillar Page,/frameworks/utah-ai-policy-act,gap,regulation-no-page,regulation:utah ai policy act,Landing/Product Page
1321,utah ai policy act gap analysis,Regulation,Commercial/Informational,Low,P2,Blog/Pillar Page,/blog,gap,regulation-no-page-editorial,regulation:utah ai policy act,Blog/Pillar Page
1322,utah ai policy act audit checklist,Regulation,Commercial/Informational,Low,P2,Blog/Pillar Page,/blog,gap,regulation-no-page-editorial,regulation:utah ai policy act,Blog/Pillar Page
1323,utah ai policy act certification,Regulation,Commercial/Informational,Medium,P2,Blog/Pillar Page,/blog,gap,regulation-no-page-editorial,regulation:utah ai policy act,Blog/Pillar Page
1324,utah ai policy act certification cost,Regulation,Commercial/Informational,Low,P2,Blog/Pillar Page,/blog,gap,regulation-no-page-editorial,regulation:utah ai policy act,Blog/Pillar Page
1325,utah ai policy act certification process,Regulation,Commercial/Informational,Low,P2,Blog/Pillar Page,/blog,gap,regulation-no-page-editorial,regulation:utah ai policy act,Blog/Pillar Page
1326,utah ai policy act penalties,Regulation,Commercial/Informational,Low,P2,Blog/Pillar Page,/blog,gap,regulation-no-page-editorial,regulation:utah ai policy act,Blog/Pillar Page
1327,utah ai policy act fines,Regulation,Commercial/Informational,Medium,P2,Blog/Pillar Page,/blog,gap,regulation-no-page-editorial,regulation:utah ai policy act,Blog/Pillar Page
1328,utah ai policy act deadline,Regulation,Commercial/Informational,Low,P2,Blog/Pillar Page,/blog,gap,regulation-no-page-editorial,regulation:utah ai policy act,Blog/Pillar Page
1329,utah ai policy act deadline 2026,Regulation,Commercial/Informational,Low,P2,Blog/Pillar Page,/blog,gap,regulation-no-page-editorial,regulation:utah ai policy act,Blog/Pillar Page
1330,utah ai policy act implementation guide,Regulation,Commercial/Informational,Low,P2,Blog/Pillar Page,/blog,gap,regulation-no-page-editorial,regulation:utah ai policy act,Blog/Pillar Page
1331,utah ai policy act implementation timeline,Regulation,Commercial/Informational,Low,P2,Blog/Pillar Page,/blog,gap,regulation-no-page-editorial,regulation:utah ai policy act,Blog/Pillar Page
1332,utah ai policy act for ai companies,Regulation,Commercial/Informational,Low,P2,Blog/Pillar Page,/frameworks/utah-ai-policy-act,gap,regulation-no-page,regulation:utah ai policy act,Landing/Product Page
1333,utah ai policy act for healthtech,Regulation,Commercial/Informational,Low,P2,Blog/Pillar Page,/solutions/healthcare,existing,regulation-vertical,regulation:utah ai policy act,
1334,utah ai policy act for fintech,Regulation,Commercial/Informational,Low,P2,Blog/Pillar Page,/solutions/fintech,existing,regulation-vertical,regulation:utah ai policy act,
1335,utah ai policy act vs gdpr,Regulation,Commercial/Informational,Low,P2,Blog/Pillar Page,/blog,gap,regulation-no-page-editorial,regulation:utah ai policy act,Blog/Pillar Page
1336,utah ai policy act vs dpdp act,Regulation,Commercial/Informational,Low,P2,Blog/Pillar Page,/blog,gap,regulation-no-page-editorial,regulation:utah ai policy act,Blog/Pillar Page
1337,utah ai policy act consultants,Regulation,Commercial/Informational,Medium,P2,Blog/Pillar Page,/frameworks/utah-ai-policy-act,gap,regulation-no-page,regulation:utah ai policy act,Landing/Product Page
1338,utah ai policy act consulting firm,Regulation,Commercial/Informational,Low,P2,Blog/Pillar Page,/frameworks/utah-ai-policy-act,gap,regulation-no-page,regulation:utah ai policy act,Landing/Product Page
1339,utah ai policy act compliance consultants india,Regulation,Commercial/Informational,Low,P2,Blog/Pillar Page,/frameworks/utah-ai-policy-act,gap,regulation-no-page,regulation:utah ai policy act,Landing/Product Page
1340,utah ai policy act training,Regulation,Commercial/Informational,Low,P2,Blog/Pillar Page,/blog,gap,regulation-no-page-editorial,regulation:utah ai policy act,Blog/Pillar Page
1341,utah ai policy act policy template,Regulation,Commercial/Informational,Low,P2,Blog/Pillar Page,/blog,gap,regulation-no-page-editorial,regulation:utah ai policy act,Blog/Pillar Page
1342,utah ai policy act risk assessment template,Regulation,Commercial/Informational,Low,P2,Blog/Pillar Page,/blog,gap,regulation-no-page-editorial,regulation:utah ai policy act,Blog/Pillar Page
1343,how to comply with eu ai act,Pain Point / Bottom Funnel,Transactional,Low,P1 - Quick Win,Blog Post / How-To,/blog,gap,editorial,editorial:eu ai act,Blog Post / How-To
1344,how to comply with dpdp act,Pain Point / Bottom Funnel,Transactional,Low,P1 - Quick Win,Blog Post / How-To,/blog,gap,editorial,editorial:dpdp act,Blog Post / How-To
1345,how to get iso 42001 certified,Pain Point / Bottom Funnel,Transactional,Low,P1 - Quick Win,Blog Post / How-To,/blog,gap,editorial,editorial:iso 42001,Blog Post / How-To
1346,how to build an ai risk register,Pain Point / Bottom Funnel,Transactional,Low,P1 - Quick Win,Blog Post / How-To,/blog,gap,editorial,editorial:ai risk register,Blog Post / How-To
1347,how to create an ai model card,Pain Point / Bottom Funnel,Transactional,Low,P1 - Quick Win,Blog Post / How-To,/blog,gap,editorial,editorial:ai model card,Blog Post / How-To
1348,how to conduct an ai bias audit,Pain Point / Bottom Funnel,Transactional,Low,P1 - Quick Win,Blog Post / How-To,/blog,gap,editorial,editorial:ai bias audit,Blog Post / How-To
1349,how to automate compliance evidence collection,Pain Point / Bottom Funnel,Transactional,Low,P1 - Quick Win,Blog Post / How-To,/blog,gap,editorial,editorial:evidence collection,Blog Post / How-To
1350,how to track ai regulatory changes,Pain Point / Bottom Funnel,Transactional,Low,P1 - Quick Win,Blog Post / How-To,/blog,gap,editorial,editorial:how to track,Blog Post / How-To
1351,how to prepare for an ai audit,Pain Point / Bottom Funnel,Transactional,Low,P1 - Quick Win,Blog Post / How-To,/blog,gap,editorial,editorial:ai audit,Blog Post / How-To
1352,how to map ai systems to compliance frameworks,Pain Point / Bottom Funnel,Transactional,Low,P1 - Quick Win,Blog Post / How-To,/blog,gap,editorial,editorial:how to map,Blog Post / How-To
1353,how to reduce compliance manual work,Pain Point / Bottom Funnel,Transactional,Low,P1 - Quick Win,Blog Post / How-To,/blog,gap,editorial,editorial:how to reduce,Blog Post / How-To
1354,how to detect shadow ai usage,Pain Point / Bottom Funnel,Transactional,Low,P1 - Quick Win,Blog Post / How-To,/blog,gap,editorial,editorial:shadow ai,Blog Post / How-To
1355,how to monitor third-party ai vendors,Pain Point / Bottom Funnel,Transactional,Low,P1 - Quick Win,Blog Post / How-To,/blog,gap,editorial,editorial:third-party ai,Blog Post / How-To
1356,how to assess ai vendor risk,Pain Point / Bottom Funnel,Transactional,Low,P1 - Quick Win,Blog Post / How-To,/blog,gap,editorial,editorial:vendor risk,Blog Post / How-To
1357,how to document ai risk assessments,Pain Point / Bottom Funnel,Transactional,Low,P1 - Quick Win,Blog Post / How-To,/blog,gap,editorial,editorial:how to document,Blog Post / How-To
1358,how to stay compliant with multiple ai regulations,Pain Point / Bottom Funnel,Transactional,Low,P1 - Quick Win,Blog Post / How-To,/blog,gap,editorial,editorial:how to stay,Blog Post / How-To
1359,how to avoid eu ai act penalties,Pain Point / Bottom Funnel,Transactional,Low,P1 - Quick Win,Blog Post / How-To,/blog,gap,editorial,editorial:eu ai act,Blog Post / How-To
1360,how to avoid dpdp act fines,Pain Point / Bottom Funnel,Transactional,Low,P1 - Quick Win,Blog Post / How-To,/blog,gap,editorial,editorial:dpdp act,Blog Post / How-To
1361,how to build ai governance from scratch,Pain Point / Bottom Funnel,Transactional,Low,P1 - Quick Win,Blog Post / How-To,/blog,gap,editorial,editorial:ai governance,Blog Post / How-To
1362,how to hire an ai compliance officer,Pain Point / Bottom Funnel,Transactional,Low,P1 - Quick Win,Blog Post / How-To,/blog,gap,editorial,editorial:ai compliance,Blog Post / How-To
1363,what happens if you violate eu ai act,Pain Point / Bottom Funnel,Transactional,Low,P1 - Quick Win,Blog Post / How-To,/blog,gap,editorial,editorial:eu ai act,Blog Post / FAQ
1364,what happens if you violate dpdp act,Pain Point / Bottom Funnel,Transactional,Low,P1 - Quick Win,Blog Post / How-To,/blog,gap,editorial,editorial:dpdp act,Blog Post / FAQ
1365,what is required for high-risk ai systems,Pain Point / Bottom Funnel,Transactional,Low,P1 - Quick Win,Blog Post / How-To,/blog,gap,editorial,editorial:what is required,Blog Post / FAQ
1366,what documentation does eu ai act require,Pain Point / Bottom Funnel,Transactional,Low,P1 - Quick Win,Blog Post / How-To,/blog,gap,editorial,editorial:eu ai act,Blog Post / FAQ
1367,what is an ai risk assessment,Pain Point / Bottom Funnel,Transactional,Low,P1 - Quick Win,Blog Post / How-To,/blog,gap,editorial,editorial:ai risk assessment,Blog Post / FAQ
1368,what is continuous compliance monitoring,Pain Point / Bottom Funnel,Transactional,Low,P1 - Quick Win,Blog Post / How-To,/blog,gap,editorial,editorial:continuous compliance,Blog Post / FAQ
1369,why do companies need ai governance,Pain Point / Bottom Funnel,Transactional,Low,P1 - Quick Win,Blog Post / How-To,/blog,gap,editorial,editorial:ai governance,Blog Post / Guide
1370,signs your company needs ai compliance software,Pain Point / Bottom Funnel,Transactional,Low,P1 - Quick Win,Blog Post / How-To,/platform,existing,painpoint-product,product:platform,
1371,cost of non-compliance with ai regulations,Pain Point / Bottom Funnel,Transactional,Low,P1 - Quick Win,Blog Post / How-To,/blog,gap,editorial,editorial:cost of non-compliance,Blog Post / Guide
1372,compliance automation vs manual spreadsheets,Pain Point / Bottom Funnel,Transactional,Low,P1 - Quick Win,Blog Post / How-To,/blog,gap,editorial,editorial:compliance automation,Blog Post / Guide
1373,ai compliance for series a startups,Pain Point / Bottom Funnel,Transactional,Low,P1 - Quick Win,Blog Post / How-To,/blog,gap,editorial,editorial:ai compliance,Blog Post / Guide
1374,ai compliance readiness checklist,Pain Point / Bottom Funnel,Transactional,Medium,P2,Blog Post / How-To,/blog,gap,editorial,editorial:ai compliance,Blog Post / Guide
1375,enterprise ai risk management framework,Pain Point / Bottom Funnel,Transactional,Low,P1 - Quick Win,Blog Post / How-To,/blog,gap,editorial,editorial:ai risk management,Blog Post / Guide
1376,continuous ai compliance monitoring tool,Pain Point / Bottom Funnel,Transactional,Low,P1 - Quick Win,Blog Post / How-To,/platform,existing,painpoint-product,product:platform,
1377,automated ai risk scoring,Pain Point / Bottom Funnel,Transactional,Low,P1 - Quick Win,Blog Post / How-To,/blog,gap,editorial,editorial:ai risk scoring,Blog Post / Guide
1378,real time ai compliance dashboard,Pain Point / Bottom Funnel,Transactional,Low,P1 - Quick Win,Blog Post / How-To,/platform,existing,painpoint-product,product:platform,
1379,ai governance maturity model,Pain Point / Bottom Funnel,Transactional,Low,P1 - Quick Win,Blog Post / How-To,/blog,gap,editorial,editorial:ai governance maturity,Blog Post / Guide
1380,ai compliance evidence vault,Pain Point / Bottom Funnel,Transactional,Medium,P2,Blog Post / How-To,/blog,gap,editorial,editorial:ai compliance,Blog Post / Guide
1381,cross framework compliance mapping tool,Pain Point / Bottom Funnel,Transactional,Low,P1 - Quick Win,Blog Post / How-To,/platform,existing,painpoint-product,product:platform,
1382,unified ai compliance dashboard,Pain Point / Bottom Funnel,Transactional,Medium,P2,Blog Post / How-To,/platform,existing,painpoint-product,product:platform,
1383,credo ai alternative,Competitor,Commercial,High,P3 - Long Term,Comparison Page,/compare/credo-ai-alternative,gap,competitor-alternative,compare:credo ai,Comparison Page
1384,credo ai alternatives,Competitor,Commercial,High,P3 - Long Term,Comparison Page,/compare/credo-ai-alternative,gap,competitor-alternative,compare:credo ai,Comparison Page
1385,credo ai vs,Competitor,Commercial,Medium,P2,Comparison Page,/compare/complivibe-vs-credo-ai,gap,competitor-vs,compare:credo ai,Comparison Page
1386,credo ai competitor,Competitor,Commercial,Medium,P2,Comparison Page,/compare/complivibe-vs-credo-ai,gap,competitor-vs,compare:credo ai,Comparison Page
1387,credo ai competitors,Competitor,Commercial,Medium,P2,Comparison Page,/compare/complivibe-vs-credo-ai,gap,competitor-vs,compare:credo ai,Comparison Page
1388,credo ai review,Competitor,Commercial,High,P3 - Long Term,Comparison Page,/compare/complivibe-vs-credo-ai,gap,competitor-vs,compare:credo ai,Comparison Page
1389,credo ai pricing,Competitor,Commercial,Medium,P2,Comparison Page,/compare/complivibe-vs-credo-ai,gap,competitor-vs,compare:credo ai,Comparison Page
1390,credo ai vs complivibe,Competitor,Commercial,Medium,P2,Comparison Page,/compare/complivibe-vs-credo-ai,gap,competitor-vs,compare:credo ai,Comparison Page
1391,arthur ai alternative,Competitor,Commercial,Medium,P2,Comparison Page,/compare/arthur-ai-alternative,gap,competitor-alternative,compare:arthur ai,Comparison Page
1392,arthur ai alternatives,Competitor,Commercial,Medium,P2,Comparison Page,/compare/arthur-ai-alternative,gap,competitor-alternative,compare:arthur ai,Comparison Page
1393,arthur ai vs,Competitor,Commercial,Medium,P2,Comparison Page,/compare/complivibe-vs-arthur-ai,gap,competitor-vs,compare:arthur ai,Comparison Page
1394,arthur ai competitor,Competitor,Commercial,High,P3 - Long Term,Comparison Page,/compare/complivibe-vs-arthur-ai,gap,competitor-vs,compare:arthur ai,Comparison Page
1395,arthur ai competitors,Competitor,Commercial,High,P3 - Long Term,Comparison Page,/compare/complivibe-vs-arthur-ai,gap,competitor-vs,compare:arthur ai,Comparison Page
1396,arthur ai review,Competitor,Commercial,High,P3 - Long Term,Comparison Page,/compare/complivibe-vs-arthur-ai,gap,competitor-vs,compare:arthur ai,Comparison Page
1397,arthur ai pricing,Competitor,Commercial,High,P3 - Long Term,Comparison Page,/compare/complivibe-vs-arthur-ai,gap,competitor-vs,compare:arthur ai,Comparison Page
1398,arthur ai vs complivibe,Competitor,Commercial,Medium,P2,Comparison Page,/compare/complivibe-vs-arthur-ai,gap,competitor-vs,compare:arthur ai,Comparison Page
1399,holistic ai alternative,Competitor,Commercial,High,P3 - Long Term,Comparison Page,/compare/holistic-ai-alternative,gap,competitor-alternative,compare:holistic ai,Comparison Page
1400,holistic ai alternatives,Competitor,Commercial,High,P3 - Long Term,Comparison Page,/compare/holistic-ai-alternative,gap,competitor-alternative,compare:holistic ai,Comparison Page
1401,holistic ai vs,Competitor,Commercial,High,P3 - Long Term,Comparison Page,/compare/complivibe-vs-holistic-ai,gap,competitor-vs,compare:holistic ai,Comparison Page
1402,holistic ai competitor,Competitor,Commercial,Medium,P2,Comparison Page,/compare/complivibe-vs-holistic-ai,gap,competitor-vs,compare:holistic ai,Comparison Page
1403,holistic ai competitors,Competitor,Commercial,Medium,P2,Comparison Page,/compare/complivibe-vs-holistic-ai,gap,competitor-vs,compare:holistic ai,Comparison Page
1404,holistic ai review,Competitor,Commercial,Medium,P2,Comparison Page,/compare/complivibe-vs-holistic-ai,gap,competitor-vs,compare:holistic ai,Comparison Page
1405,holistic ai pricing,Competitor,Commercial,Medium,P2,Comparison Page,/compare/complivibe-vs-holistic-ai,gap,competitor-vs,compare:holistic ai,Comparison Page
1406,holistic ai vs complivibe,Competitor,Commercial,Medium,P2,Comparison Page,/compare/complivibe-vs-holistic-ai,gap,competitor-vs,compare:holistic ai,Comparison Page
1407,lakera alternative,Competitor,Commercial,Medium,P2,Comparison Page,/compare/lakera-alternative,gap,competitor-alternative,compare:lakera,Comparison Page
1408,lakera alternatives,Competitor,Commercial,High,P3 - Long Term,Comparison Page,/compare/lakera-alternative,gap,competitor-alternative,compare:lakera,Comparison Page
1409,lakera vs,Competitor,Commercial,High,P3 - Long Term,Comparison Page,/compare/complivibe-vs-lakera,gap,competitor-vs,compare:lakera,Comparison Page
1410,lakera competitor,Competitor,Commercial,High,P3 - Long Term,Comparison Page,/compare/complivibe-vs-lakera,gap,competitor-vs,compare:lakera,Comparison Page
1411,lakera competitors,Competitor,Commercial,High,P3 - Long Term,Comparison Page,/compare/complivibe-vs-lakera,gap,competitor-vs,compare:lakera,Comparison Page
1412,lakera review,Competitor,Commercial,High,P3 - Long Term,Comparison Page,/compare/complivibe-vs-lakera,gap,competitor-vs,compare:lakera,Comparison Page
1413,lakera pricing,Competitor,Commercial,High,P3 - Long Term,Comparison Page,/compare/complivibe-vs-lakera,gap,competitor-vs,compare:lakera,Comparison Page
1414,lakera vs complivibe,Competitor,Commercial,High,P3 - Long Term,Comparison Page,/compare/complivibe-vs-lakera,gap,competitor-vs,compare:lakera,Comparison Page
1415,guardrails ai alternative,Competitor,Commercial,Medium,P2,Comparison Page,/compare/guardrails-ai-alternative,gap,competitor-alternative,compare:guardrails ai,Comparison Page
1416,guardrails ai alternatives,Competitor,Commercial,Medium,P2,Comparison Page,/compare/guardrails-ai-alternative,gap,competitor-alternative,compare:guardrails ai,Comparison Page
1417,guardrails ai vs,Competitor,Commercial,High,P3 - Long Term,Comparison Page,/compare/complivibe-vs-guardrails-ai,gap,competitor-vs,compare:guardrails ai,Comparison Page
1418,guardrails ai competitor,Competitor,Commercial,High,P3 - Long Term,Comparison Page,/compare/complivibe-vs-guardrails-ai,gap,competitor-vs,compare:guardrails ai,Comparison Page
1419,guardrails ai competitors,Competitor,Commercial,Medium,P2,Comparison Page,/compare/complivibe-vs-guardrails-ai,gap,competitor-vs,compare:guardrails ai,Comparison Page
1420,guardrails ai review,Competitor,Commercial,High,P3 - Long Term,Comparison Page,/compare/complivibe-vs-guardrails-ai,gap,competitor-vs,compare:guardrails ai,Comparison Page
1421,guardrails ai pricing,Competitor,Commercial,High,P3 - Long Term,Comparison Page,/compare/complivibe-vs-guardrails-ai,gap,competitor-vs,compare:guardrails ai,Comparison Page
1422,guardrails ai vs complivibe,Competitor,Commercial,High,P3 - Long Term,Comparison Page,/compare/complivibe-vs-guardrails-ai,gap,competitor-vs,compare:guardrails ai,Comparison Page
1423,vanta alternative,Competitor,Commercial,Medium,P2,Comparison Page,/compare/vanta-alternative,gap,competitor-alternative,compare:vanta,Comparison Page
1424,vanta alternatives,Competitor,Commercial,Medium,P2,Comparison Page,/compare/vanta-alternative,gap,competitor-alternative,compare:vanta,Comparison Page
1425,vanta vs,Competitor,Commercial,High,P3 - Long Term,Comparison Page,/compare/complivibe-vs-vanta,gap,competitor-vs,compare:vanta,Comparison Page
1426,vanta competitor,Competitor,Commercial,Medium,P2,Comparison Page,/compare/complivibe-vs-vanta,gap,competitor-vs,compare:vanta,Comparison Page
1427,vanta competitors,Competitor,Commercial,Medium,P2,Comparison Page,/compare/complivibe-vs-vanta,gap,competitor-vs,compare:vanta,Comparison Page
1428,vanta review,Competitor,Commercial,Medium,P2,Comparison Page,/compare/complivibe-vs-vanta,gap,competitor-vs,compare:vanta,Comparison Page
1429,vanta pricing,Competitor,Commercial,High,P3 - Long Term,Comparison Page,/compare/complivibe-vs-vanta,gap,competitor-vs,compare:vanta,Comparison Page
1430,vanta vs complivibe,Competitor,Commercial,Medium,P2,Comparison Page,/compare/complivibe-vs-vanta,gap,competitor-vs,compare:vanta,Comparison Page
1431,drata alternative,Competitor,Commercial,Medium,P2,Comparison Page,/compare/drata-alternative,gap,competitor-alternative,compare:drata,Comparison Page
1432,drata alternatives,Competitor,Commercial,High,P3 - Long Term,Comparison Page,/compare/drata-alternative,gap,competitor-alternative,compare:drata,Comparison Page
1433,drata vs,Competitor,Commercial,High,P3 - Long Term,Comparison Page,/compare/complivibe-vs-drata,gap,competitor-vs,compare:drata,Comparison Page
1434,drata competitor,Competitor,Commercial,High,P3 - Long Term,Comparison Page,/compare/complivibe-vs-drata,gap,competitor-vs,compare:drata,Comparison Page
1435,drata competitors,Competitor,Commercial,Medium,P2,Comparison Page,/compare/complivibe-vs-drata,gap,competitor-vs,compare:drata,Comparison Page
1436,drata review,Competitor,Commercial,Medium,P2,Comparison Page,/compare/complivibe-vs-drata,gap,competitor-vs,compare:drata,Comparison Page
1437,drata pricing,Competitor,Commercial,High,P3 - Long Term,Comparison Page,/compare/complivibe-vs-drata,gap,competitor-vs,compare:drata,Comparison Page
1438,drata vs complivibe,Competitor,Commercial,High,P3 - Long Term,Comparison Page,/compare/complivibe-vs-drata,gap,competitor-vs,compare:drata,Comparison Page
1439,onetrust alternative,Competitor,Commercial,Medium,P2,Comparison Page,/compare/onetrust-alternative,gap,competitor-alternative,compare:onetrust,Comparison Page
1440,onetrust alternatives,Competitor,Commercial,Medium,P2,Comparison Page,/compare/onetrust-alternative,gap,competitor-alternative,compare:onetrust,Comparison Page
1441,onetrust vs,Competitor,Commercial,High,P3 - Long Term,Comparison Page,/compare/complivibe-vs-onetrust,gap,competitor-vs,compare:onetrust,Comparison Page
1442,onetrust competitor,Competitor,Commercial,Medium,P2,Comparison Page,/compare/complivibe-vs-onetrust,gap,competitor-vs,compare:onetrust,Comparison Page
1443,onetrust competitors,Competitor,Commercial,High,P3 - Long Term,Comparison Page,/compare/complivibe-vs-onetrust,gap,competitor-vs,compare:onetrust,Comparison Page
1444,onetrust review,Competitor,Commercial,Medium,P2,Comparison Page,/compare/complivibe-vs-onetrust,gap,competitor-vs,compare:onetrust,Comparison Page
1445,onetrust pricing,Competitor,Commercial,High,P3 - Long Term,Comparison Page,/compare/complivibe-vs-onetrust,gap,competitor-vs,compare:onetrust,Comparison Page
1446,onetrust vs complivibe,Competitor,Commercial,Medium,P2,Comparison Page,/compare/complivibe-vs-onetrust,gap,competitor-vs,compare:onetrust,Comparison Page
1447,securiti ai alternative,Competitor,Commercial,High,P3 - Long Term,Comparison Page,/compare/securiti-ai-alternative,gap,competitor-alternative,compare:securiti ai,Comparison Page
1448,securiti ai alternatives,Competitor,Commercial,Medium,P2,Comparison Page,/compare/securiti-ai-alternative,gap,competitor-alternative,compare:securiti ai,Comparison Page
1449,securiti ai vs,Competitor,Commercial,High,P3 - Long Term,Comparison Page,/compare/complivibe-vs-securiti-ai,gap,competitor-vs,compare:securiti ai,Comparison Page
1450,securiti ai competitor,Competitor,Commercial,Medium,P2,Comparison Page,/compare/complivibe-vs-securiti-ai,gap,competitor-vs,compare:securiti ai,Comparison Page
1451,securiti ai competitors,Competitor,Commercial,High,P3 - Long Term,Comparison Page,/compare/complivibe-vs-securiti-ai,gap,competitor-vs,compare:securiti ai,Comparison Page
1452,securiti ai review,Competitor,Commercial,High,P3 - Long Term,Comparison Page,/compare/complivibe-vs-securiti-ai,gap,competitor-vs,compare:securiti ai,Comparison Page
1453,securiti ai pricing,Competitor,Commercial,High,P3 - Long Term,Comparison Page,/compare/complivibe-vs-securiti-ai,gap,competitor-vs,compare:securiti ai,Comparison Page
1454,securiti ai vs complivibe,Competitor,Commercial,High,P3 - Long Term,Comparison Page,/compare/complivibe-vs-securiti-ai,gap,competitor-vs,compare:securiti ai,Comparison Page
1455,ibm watson openscale alternative,Competitor,Commercial,High,P3 - Long Term,Comparison Page,/compare/ibm-watson-openscale-alternative,gap,competitor-alternative,compare:ibm watson openscale,Comparison Page
1456,ibm watson openscale alternatives,Competitor,Commercial,Medium,P2,Comparison Page,/compare/ibm-watson-openscale-alternative,gap,competitor-alternative,compare:ibm watson openscale,Comparison Page
1457,ibm watson openscale vs,Competitor,Commercial,High,P3 - Long Term,Comparison Page,/compare/complivibe-vs-ibm-watson-openscale,gap,competitor-vs,compare:ibm watson openscale,Comparison Page
1458,ibm watson openscale competitor,Competitor,Commercial,Medium,P2,Comparison Page,/compare/complivibe-vs-ibm-watson-openscale,gap,competitor-vs,compare:ibm watson openscale,Comparison Page
1459,ibm watson openscale competitors,Competitor,Commercial,High,P3 - Long Term,Comparison Page,/compare/complivibe-vs-ibm-watson-openscale,gap,competitor-vs,compare:ibm watson openscale,Comparison Page
1460,ibm watson openscale review,Competitor,Commercial,Medium,P2,Comparison Page,/compare/complivibe-vs-ibm-watson-openscale,gap,competitor-vs,compare:ibm watson openscale,Comparison Page
1461,ibm watson openscale pricing,Competitor,Commercial,High,P3 - Long Term,Comparison Page,/compare/complivibe-vs-ibm-watson-openscale,gap,competitor-vs,compare:ibm watson openscale,Comparison Page
1462,ibm watson openscale vs complivibe,Competitor,Commercial,High,P3 - Long Term,Comparison Page,/compare/complivibe-vs-ibm-watson-openscale,gap,competitor-vs,compare:ibm watson openscale,Comparison Page
1463,monitaur alternative,Competitor,Commercial,Medium,P2,Comparison Page,/compare/monitaur-alternative,gap,competitor-alternative,compare:monitaur,Comparison Page
1464,monitaur alternatives,Competitor,Commercial,High,P3 - Long Term,Comparison Page,/compare/monitaur-alternative,gap,competitor-alternative,compare:monitaur,Comparison Page
1465,monitaur vs,Competitor,Commercial,Medium,P2,Comparison Page,/compare/complivibe-vs-monitaur,gap,competitor-vs,compare:monitaur,Comparison Page
1466,monitaur competitor,Competitor,Commercial,Medium,P2,Comparison Page,/compare/complivibe-vs-monitaur,gap,competitor-vs,compare:monitaur,Comparison Page
1467,monitaur competitors,Competitor,Commercial,High,P3 - Long Term,Comparison Page,/compare/complivibe-vs-monitaur,gap,competitor-vs,compare:monitaur,Comparison Page
1468,monitaur review,Competitor,Commercial,High,P3 - Long Term,Comparison Page,/compare/complivibe-vs-monitaur,gap,competitor-vs,compare:monitaur,Comparison Page
1469,monitaur pricing,Competitor,Commercial,Medium,P2,Comparison Page,/compare/complivibe-vs-monitaur,gap,competitor-vs,compare:monitaur,Comparison Page
1470,monitaur vs complivibe,Competitor,Commercial,High,P3 - Long Term,Comparison Page,/compare/complivibe-vs-monitaur,gap,competitor-vs,compare:monitaur,Comparison Page
1471,fiddler ai alternative,Competitor,Commercial,High,P3 - Long Term,Comparison Page,/compare/fiddler-ai-alternative,gap,competitor-alternative,compare:fiddler ai,Comparison Page
1472,fiddler ai alternatives,Competitor,Commercial,High,P3 - Long Term,Comparison Page,/compare/fiddler-ai-alternative,gap,competitor-alternative,compare:fiddler ai,Comparison Page
1473,fiddler ai vs,Competitor,Commercial,Medium,P2,Comparison Page,/compare/complivibe-vs-fiddler-ai,gap,competitor-vs,compare:fiddler ai,Comparison Page
1474,fiddler ai competitor,Competitor,Commercial,High,P3 - Long Term,Comparison Page,/compare/complivibe-vs-fiddler-ai,gap,competitor-vs,compare:fiddler ai,Comparison Page
1475,fiddler ai competitors,Competitor,Commercial,Medium,P2,Comparison Page,/compare/complivibe-vs-fiddler-ai,gap,competitor-vs,compare:fiddler ai,Comparison Page
1476,fiddler ai review,Competitor,Commercial,Medium,P2,Comparison Page,/compare/complivibe-vs-fiddler-ai,gap,competitor-vs,compare:fiddler ai,Comparison Page
1477,fiddler ai pricing,Competitor,Commercial,Medium,P2,Comparison Page,/compare/complivibe-vs-fiddler-ai,gap,competitor-vs,compare:fiddler ai,Comparison Page
1478,fiddler ai vs complivibe,Competitor,Commercial,Medium,P2,Comparison Page,/compare/complivibe-vs-fiddler-ai,gap,competitor-vs,compare:fiddler ai,Comparison Page
1479,trustarc alternative,Competitor,Commercial,High,P3 - Long Term,Comparison Page,/compare/trustarc-alternative,gap,competitor-alternative,compare:trustarc,Comparison Page
1480,trustarc alternatives,Competitor,Commercial,High,P3 - Long Term,Comparison Page,/compare/trustarc-alternative,gap,competitor-alternative,compare:trustarc,Comparison Page
1481,trustarc vs,Competitor,Commercial,Medium,P2,Comparison Page,/compare/complivibe-vs-trustarc,gap,competitor-vs,compare:trustarc,Comparison Page
1482,trustarc competitor,Competitor,Commercial,Medium,P2,Comparison Page,/compare/complivibe-vs-trustarc,gap,competitor-vs,compare:trustarc,Comparison Page
1483,trustarc competitors,Competitor,Commercial,Medium,P2,Comparison Page,/compare/complivibe-vs-trustarc,gap,competitor-vs,compare:trustarc,Comparison Page
1484,trustarc review,Competitor,Commercial,Medium,P2,Comparison Page,/compare/complivibe-vs-trustarc,gap,competitor-vs,compare:trustarc,Comparison Page
1485,trustarc pricing,Competitor,Commercial,High,P3 - Long Term,Comparison Page,/compare/complivibe-vs-trustarc,gap,competitor-vs,compare:trustarc,Comparison Page
1486,trustarc vs complivibe,Competitor,Commercial,Medium,P2,Comparison Page,/compare/complivibe-vs-trustarc,gap,competitor-vs,compare:trustarc,Comparison Page
1487,robust intelligence alternative,Competitor,Commercial,Medium,P2,Comparison Page,/compare/robust-intelligence-alternative,gap,competitor-alternative,compare:robust intelligence,Comparison Page
1488,robust intelligence alternatives,Competitor,Commercial,Medium,P2,Comparison Page,/compare/robust-intelligence-alternative,gap,competitor-alternative,compare:robust intelligence,Comparison Page
1489,robust intelligence vs,Competitor,Commercial,Medium,P2,Comparison Page,/compare/complivibe-vs-robust-intelligence,gap,competitor-vs,compare:robust intelligence,Comparison Page
1490,robust intelligence competitor,Competitor,Commercial,Medium,P2,Comparison Page,/compare/complivibe-vs-robust-intelligence,gap,competitor-vs,compare:robust intelligence,Comparison Page
1491,robust intelligence competitors,Competitor,Commercial,High,P3 - Long Term,Comparison Page,/compare/complivibe-vs-robust-intelligence,gap,competitor-vs,compare:robust intelligence,Comparison Page
1492,robust intelligence review,Competitor,Commercial,High,P3 - Long Term,Comparison Page,/compare/complivibe-vs-robust-intelligence,gap,competitor-vs,compare:robust intelligence,Comparison Page
1493,robust intelligence pricing,Competitor,Commercial,High,P3 - Long Term,Comparison Page,/compare/complivibe-vs-robust-intelligence,gap,competitor-vs,compare:robust intelligence,Comparison Page
1494,robust intelligence vs complivibe,Competitor,Commercial,High,P3 - Long Term,Comparison Page,/compare/complivibe-vs-robust-intelligence,gap,competitor-vs,compare:robust intelligence,Comparison Page
1495,fairly ai alternative,Competitor,Commercial,High,P3 - Long Term,Comparison Page,/compare/fairly-ai-alternative,gap,competitor-alternative,compare:fairly ai,Comparison Page
1496,fairly ai alternatives,Competitor,Commercial,Medium,P2,Comparison Page,/compare/fairly-ai-alternative,gap,competitor-alternative,compare:fairly ai,Comparison Page
1497,fairly ai vs,Competitor,Commercial,High,P3 - Long Term,Comparison Page,/compare/complivibe-vs-fairly-ai,gap,competitor-vs,compare:fairly ai,Comparison Page
1498,fairly ai competitor,Competitor,Commercial,Medium,P2,Comparison Page,/compare/complivibe-vs-fairly-ai,gap,competitor-vs,compare:fairly ai,Comparison Page
1499,fairly ai competitors,Competitor,Commercial,High,P3 - Long Term,Comparison Page,/compare/complivibe-vs-fairly-ai,gap,competitor-vs,compare:fairly ai,Comparison Page
1500,fairly ai review,Competitor,Commercial,High,P3 - Long Term,Comparison Page,/compare/complivibe-vs-fairly-ai,gap,competitor-vs,compare:fairly ai,Comparison Page
1501,fairly ai pricing,Competitor,Commercial,High,P3 - Long Term,Comparison Page,/compare/complivibe-vs-fairly-ai,gap,competitor-vs,compare:fairly ai,Comparison Page
1502,fairly ai vs complivibe,Competitor,Commercial,High,P3 - Long Term,Comparison Page,/compare/complivibe-vs-fairly-ai,gap,competitor-vs,compare:fairly ai,Comparison Page
1503,best ai governance tools 2026,Competitor,Commercial,Medium,P2,Comparison Page,/compare,gap,competitor-roundup,compare:roundup,Comparison Page
1504,best ai compliance software 2026,Competitor,Commercial,High,P3 - Long Term,Comparison Page,/compare,gap,competitor-roundup,compare:roundup,Comparison Page
1505,top ai trust platforms,Competitor,Commercial,Medium,P2,Comparison Page,/compare,gap,competitor-roundup,compare:roundup,Comparison Page
1506,ai compliance platform comparison chart,Competitor,Commercial,High,P3 - Long Term,Comparison Page,/compare,gap,competitor-roundup,compare:roundup,Comparison Page
1507,ai compliance for healthtech,Industry Vertical,Commercial,Medium,P2,Landing Page (Vertical),/solutions/healthcare,existing,vertical-existing,vertical:healthtech,
1508,ai governance for healthtech,Industry Vertical,Commercial,Medium,P2,Landing Page (Vertical),/solutions/healthcare,existing,vertical-existing,vertical:healthtech,
1509,ai compliance software for healthtech,Industry Vertical,Commercial,Low,P2,Landing Page (Vertical),/solutions/healthcare,existing,vertical-existing,vertical:healthtech,
1510,ai risk management for healthtech,Industry Vertical,Commercial,Low,P2,Landing Page (Vertical),/solutions/healthcare,existing,vertical-existing,vertical:healthtech,
1511,eu ai act compliance for healthtech,Industry Vertical,Commercial,Low,P2,Landing Page (Vertical),/solutions/healthcare,existing,vertical-existing,vertical:healthtech,
1512,dpdp act compliance for healthtech,Industry Vertical,Commercial,Medium,P2,Landing Page (Vertical),/solutions/healthcare,existing,vertical-existing,vertical:healthtech,
1513,ai governance framework for healthtech,Industry Vertical,Commercial,Medium,P2,Landing Page (Vertical),/solutions/healthcare,existing,vertical-existing,vertical:healthtech,
1514,ai compliance checklist for healthtech,Industry Vertical,Commercial,Low,P2,Landing Page (Vertical),/solutions/healthcare,existing,vertical-existing,vertical:healthtech,
1515,ai trust platform for healthtech,Industry Vertical,Commercial,Low,P2,Landing Page (Vertical),/solutions/healthcare,existing,vertical-existing,vertical:healthtech,
1516,ai compliance for fintech,Industry Vertical,Commercial,Medium,P2,Landing Page (Vertical),/solutions/fintech,existing,vertical-existing,vertical:fintech,
1517,ai governance for fintech,Industry Vertical,Commercial,Medium,P2,Landing Page (Vertical),/solutions/fintech,existing,vertical-existing,vertical:fintech,
1518,ai compliance software for fintech,Industry Vertical,Commercial,Low,P2,Landing Page (Vertical),/solutions/fintech,existing,vertical-existing,vertical:fintech,
1519,ai risk management for fintech,Industry Vertical,Commercial,Medium,P2,Landing Page (Vertical),/solutions/fintech,existing,vertical-existing,vertical:fintech,
1520,eu ai act compliance for fintech,Industry Vertical,Commercial,Low,P2,Landing Page (Vertical),/solutions/fintech,existing,vertical-existing,vertical:fintech,
1521,dpdp act compliance for fintech,Industry Vertical,Commercial,Low,P2,Landing Page (Vertical),/solutions/fintech,existing,vertical-existing,vertical:fintech,
1522,ai governance framework for fintech,Industry Vertical,Commercial,Medium,P2,Landing Page (Vertical),/solutions/fintech,existing,vertical-existing,vertical:fintech,
1523,ai compliance checklist for fintech,Industry Vertical,Commercial,Medium,P2,Landing Page (Vertical),/solutions/fintech,existing,vertical-existing,vertical:fintech,
1524,ai trust platform for fintech,Industry Vertical,Commercial,Low,P2,Landing Page (Vertical),/solutions/fintech,existing,vertical-existing,vertical:fintech,
1525,ai compliance for legaltech,Industry Vertical,Commercial,Low,P2,Landing Page (Vertical),/solutions/legaltech,gap,vertical-gap,vertical:legaltech,Landing Page (Vertical)
1526,ai governance for legaltech,Industry Vertical,Commercial,Medium,P2,Landing Page (Vertical),/solutions/legaltech,gap,vertical-gap,vertical:legaltech,Landing Page (Vertical)
1527,ai compliance software for legaltech,Industry Vertical,Commercial,Low,P2,Landing Page (Vertical),/solutions/legaltech,gap,vertical-gap,vertical:legaltech,Landing Page (Vertical)
1528,ai risk management for legaltech,Industry Vertical,Commercial,Medium,P2,Landing Page (Vertical),/solutions/legaltech,gap,vertical-gap,vertical:legaltech,Landing Page (Vertical)
1529,eu ai act compliance for legaltech,Industry Vertical,Commercial,Low,P2,Landing Page (Vertical),/solutions/legaltech,gap,vertical-gap,vertical:legaltech,Landing Page (Vertical)
1530,dpdp act compliance for legaltech,Industry Vertical,Commercial,Low,P2,Landing Page (Vertical),/solutions/legaltech,gap,vertical-gap,vertical:legaltech,Landing Page (Vertical)
1531,ai governance framework for legaltech,Industry Vertical,Commercial,Low,P2,Landing Page (Vertical),/solutions/legaltech,gap,vertical-gap,vertical:legaltech,Landing Page (Vertical)
1532,ai compliance checklist for legaltech,Industry Vertical,Commercial,Low,P2,Landing Page (Vertical),/solutions/legaltech,gap,vertical-gap,vertical:legaltech,Landing Page (Vertical)
1533,ai trust platform for legaltech,Industry Vertical,Commercial,Low,P2,Landing Page (Vertical),/solutions/legaltech,gap,vertical-gap,vertical:legaltech,Landing Page (Vertical)
1534,ai compliance for insurtech,Industry Vertical,Commercial,Medium,P2,Landing Page (Vertical),/solutions/fintech,existing,vertical-existing,vertical:insurtech,
1535,ai governance for insurtech,Industry Vertical,Commercial,Medium,P2,Landing Page (Vertical),/solutions/fintech,existing,vertical-existing,vertical:insurtech,
1536,ai compliance software for insurtech,Industry Vertical,Commercial,Low,P2,Landing Page (Vertical),/solutions/fintech,existing,vertical-existing,vertical:insurtech,
1537,ai risk management for insurtech,Industry Vertical,Commercial,Medium,P2,Landing Page (Vertical),/solutions/fintech,existing,vertical-existing,vertical:insurtech,
1538,eu ai act compliance for insurtech,Industry Vertical,Commercial,Low,P2,Landing Page (Vertical),/solutions/fintech,existing,vertical-existing,vertical:insurtech,
1539,dpdp act compliance for insurtech,Industry Vertical,Commercial,Medium,P2,Landing Page (Vertical),/solutions/fintech,existing,vertical-existing,vertical:insurtech,
1540,ai governance framework for insurtech,Industry Vertical,Commercial,Medium,P2,Landing Page (Vertical),/solutions/fintech,existing,vertical-existing,vertical:insurtech,
1541,ai compliance checklist for insurtech,Industry Vertical,Commercial,Medium,P2,Landing Page (Vertical),/solutions/fintech,existing,vertical-existing,vertical:insurtech,
1542,ai trust platform for insurtech,Industry Vertical,Commercial,Medium,P2,Landing Page (Vertical),/solutions/fintech,existing,vertical-existing,vertical:insurtech,
1543,ai compliance for edtech,Industry Vertical,Commercial,Medium,P2,Landing Page (Vertical),/solutions/edtech,gap,vertical-gap,vertical:edtech,Landing Page (Vertical)
1544,ai governance for edtech,Industry Vertical,Commercial,Low,P2,Landing Page (Vertical),/solutions/edtech,gap,vertical-gap,vertical:edtech,Landing Page (Vertical)
1545,ai compliance software for edtech,Industry Vertical,Commercial,Medium,P2,Landing Page (Vertical),/solutions/edtech,gap,vertical-gap,vertical:edtech,Landing Page (Vertical)
1546,ai risk management for edtech,Industry Vertical,Commercial,Low,P2,Landing Page (Vertical),/solutions/edtech,gap,vertical-gap,vertical:edtech,Landing Page (Vertical)
1547,eu ai act compliance for edtech,Industry Vertical,Commercial,Low,P2,Landing Page (Vertical),/solutions/edtech,gap,vertical-gap,vertical:edtech,Landing Page (Vertical)
1548,dpdp act compliance for edtech,Industry Vertical,Commercial,Medium,P2,Landing Page (Vertical),/solutions/edtech,gap,vertical-gap,vertical:edtech,Landing Page (Vertical)
1549,ai governance framework for edtech,Industry Vertical,Commercial,Low,P2,Landing Page (Vertical),/solutions/edtech,gap,vertical-gap,vertical:edtech,Landing Page (Vertical)
1550,ai compliance checklist for edtech,Industry Vertical,Commercial,Medium,P2,Landing Page (Vertical),/solutions/edtech,gap,vertical-gap,vertical:edtech,Landing Page (Vertical)
1551,ai trust platform for edtech,Industry Vertical,Commercial,Medium,P2,Landing Page (Vertical),/solutions/edtech,gap,vertical-gap,vertical:edtech,Landing Page (Vertical)
1552,ai compliance for hrtech,Industry Vertical,Commercial,Medium,P2,Landing Page (Vertical),/solutions/hrtech,gap,vertical-gap,vertical:hrtech,Landing Page (Vertical)
1553,ai governance for hrtech,Industry Vertical,Commercial,Low,P2,Landing Page (Vertical),/solutions/hrtech,gap,vertical-gap,vertical:hrtech,Landing Page (Vertical)
1554,ai compliance software for hrtech,Industry Vertical,Commercial,Medium,P2,Landing Page (Vertical),/solutions/hrtech,gap,vertical-gap,vertical:hrtech,Landing Page (Vertical)
1555,ai risk management for hrtech,Industry Vertical,Commercial,Low,P2,Landing Page (Vertical),/solutions/hrtech,gap,vertical-gap,vertical:hrtech,Landing Page (Vertical)
1556,eu ai act compliance for hrtech,Industry Vertical,Commercial,Low,P2,Landing Page (Vertical),/solutions/hrtech,gap,vertical-gap,vertical:hrtech,Landing Page (Vertical)
1557,dpdp act compliance for hrtech,Industry Vertical,Commercial,Low,P2,Landing Page (Vertical),/solutions/hrtech,gap,vertical-gap,vertical:hrtech,Landing Page (Vertical)
1558,ai governance framework for hrtech,Industry Vertical,Commercial,Medium,P2,Landing Page (Vertical),/solutions/hrtech,gap,vertical-gap,vertical:hrtech,Landing Page (Vertical)
1559,ai compliance checklist for hrtech,Industry Vertical,Commercial,Medium,P2,Landing Page (Vertical),/solutions/hrtech,gap,vertical-gap,vertical:hrtech,Landing Page (Vertical)
1560,ai trust platform for hrtech,Industry Vertical,Commercial,Medium,P2,Landing Page (Vertical),/solutions/hrtech,gap,vertical-gap,vertical:hrtech,Landing Page (Vertical)
1561,ai compliance for genai content companies,Industry Vertical,Commercial,Low,P2,Landing Page (Vertical),/solutions/genai-content-companies,gap,vertical-gap,vertical:genai content companies,Landing Page (Vertical)
1562,ai governance for genai content companies,Industry Vertical,Commercial,Low,P2,Landing Page (Vertical),/solutions/genai-content-companies,gap,vertical-gap,vertical:genai content companies,Landing Page (Vertical)
1563,ai compliance software for genai content companies,Industry Vertical,Commercial,Low,P2,Landing Page (Vertical),/solutions/genai-content-companies,gap,vertical-gap,vertical:genai content companies,Landing Page (Vertical)
1564,ai risk management for genai content companies,Industry Vertical,Commercial,Low,P2,Landing Page (Vertical),/solutions/genai-content-companies,gap,vertical-gap,vertical:genai content companies,Landing Page (Vertical)
1565,eu ai act compliance for genai content companies,Industry Vertical,Commercial,Low,P2,Landing Page (Vertical),/solutions/genai-content-companies,gap,vertical-gap,vertical:genai content companies,Landing Page (Vertical)
1566,dpdp act compliance for genai content companies,Industry Vertical,Commercial,Low,P2,Landing Page (Vertical),/solutions/genai-content-companies,gap,vertical-gap,vertical:genai content companies,Landing Page (Vertical)
1567,ai governance framework for genai content companies,Industry Vertical,Commercial,Low,P2,Landing Page (Vertical),/solutions/genai-content-companies,gap,vertical-gap,vertical:genai content companies,Landing Page (Vertical)
1568,ai compliance checklist for genai content companies,Industry Vertical,Commercial,Low,P2,Landing Page (Vertical),/solutions/genai-content-companies,gap,vertical-gap,vertical:genai content companies,Landing Page (Vertical)
1569,ai trust platform for genai content companies,Industry Vertical,Commercial,Low,P2,Landing Page (Vertical),/solutions/genai-content-companies,gap,vertical-gap,vertical:genai content companies,Landing Page (Vertical)
1570,ai compliance for ai agent companies,Industry Vertical,Commercial,Low,P2,Landing Page (Vertical),/solutions/ai-agent-companies,gap,vertical-gap,vertical:ai agent companies,Landing Page (Vertical)
1571,ai governance for ai agent companies,Industry Vertical,Commercial,Low,P2,Landing Page (Vertical),/solutions/ai-agent-companies,gap,vertical-gap,vertical:ai agent companies,Landing Page (Vertical)
1572,ai compliance software for ai agent companies,Industry Vertical,Commercial,Low,P2,Landing Page (Vertical),/solutions/ai-agent-companies,gap,vertical-gap,vertical:ai agent companies,Landing Page (Vertical)
1573,ai risk management for ai agent companies,Industry Vertical,Commercial,Low,P2,Landing Page (Vertical),/solutions/ai-agent-companies,gap,vertical-gap,vertical:ai agent companies,Landing Page (Vertical)
1574,eu ai act compliance for ai agent companies,Industry Vertical,Commercial,Low,P2,Landing Page (Vertical),/solutions/ai-agent-companies,gap,vertical-gap,vertical:ai agent companies,Landing Page (Vertical)
1575,dpdp act compliance for ai agent companies,Industry Vertical,Commercial,Low,P2,Landing Page (Vertical),/solutions/ai-agent-companies,gap,vertical-gap,vertical:ai agent companies,Landing Page (Vertical)
1576,ai governance framework for ai agent companies,Industry Vertical,Commercial,Low,P2,Landing Page (Vertical),/solutions/ai-agent-companies,gap,vertical-gap,vertical:ai agent companies,Landing Page (Vertical)
1577,ai compliance checklist for ai agent companies,Industry Vertical,Commercial,Low,P2,Landing Page (Vertical),/solutions/ai-agent-companies,gap,vertical-gap,vertical:ai agent companies,Landing Page (Vertical)
1578,ai trust platform for ai agent companies,Industry Vertical,Commercial,Low,P2,Landing Page (Vertical),/solutions/ai-agent-companies,gap,vertical-gap,vertical:ai agent companies,Landing Page (Vertical)
1579,eu ai act compliance for saas companies,Industry Vertical,Commercial,Low,P2,Landing Page (Vertical),/solutions/saas,existing,vertical-existing,vertical:saas companies,
1580,dpdp act compliance for saas companies,Industry Vertical,Commercial,Low,P2,Landing Page (Vertical),/solutions/saas,existing,vertical-existing,vertical:saas companies,
1581,ai governance framework for saas companies,Industry Vertical,Commercial,Low,P2,Landing Page (Vertical),/solutions/saas,existing,vertical-existing,vertical:saas companies,
1582,ai compliance checklist for saas companies,Industry Vertical,Commercial,Low,P2,Landing Page (Vertical),/solutions/saas,existing,vertical-existing,vertical:saas companies,
1583,ai compliance for banking,Industry Vertical,Commercial,Low,P2,Landing Page (Vertical),/solutions/fintech,existing,vertical-existing,vertical:banking,
1584,ai governance for banking,Industry Vertical,Commercial,Low,P2,Landing Page (Vertical),/solutions/fintech,existing,vertical-existing,vertical:banking,
1585,ai compliance software for banking,Industry Vertical,Commercial,Medium,P2,Landing Page (Vertical),/solutions/fintech,existing,vertical-existing,vertical:banking,
1586,ai risk management for banking,Industry Vertical,Commercial,Medium,P2,Landing Page (Vertical),/solutions/fintech,existing,vertical-existing,vertical:banking,
1587,eu ai act compliance for banking,Industry Vertical,Commercial,Low,P2,Landing Page (Vertical),/solutions/fintech,existing,vertical-existing,vertical:banking,
1588,dpdp act compliance for banking,Industry Vertical,Commercial,Medium,P2,Landing Page (Vertical),/solutions/fintech,existing,vertical-existing,vertical:banking,
1589,ai governance framework for banking,Industry Vertical,Commercial,Low,P2,Landing Page (Vertical),/solutions/fintech,existing,vertical-existing,vertical:banking,
1590,ai compliance checklist for banking,Industry Vertical,Commercial,Low,P2,Landing Page (Vertical),/solutions/fintech,existing,vertical-existing,vertical:banking,
1591,ai trust platform for banking,Industry Vertical,Commercial,Medium,P2,Landing Page (Vertical),/solutions/fintech,existing,vertical-existing,vertical:banking,
1592,ai compliance for insurance,Industry Vertical,Commercial,Medium,P2,Landing Page (Vertical),/solutions/fintech,existing,vertical-existing,vertical:insurance,
1593,ai governance for insurance,Industry Vertical,Commercial,Low,P2,Landing Page (Vertical),/solutions/fintech,existing,vertical-existing,vertical:insurance,
1594,ai compliance software for insurance,Industry Vertical,Commercial,Medium,P2,Landing Page (Vertical),/solutions/fintech,existing,vertical-existing,vertical:insurance,
1595,ai risk management for insurance,Industry Vertical,Commercial,Medium,P2,Landing Page (Vertical),/solutions/fintech,existing,vertical-existing,vertical:insurance,
1596,eu ai act compliance for insurance,Industry Vertical,Commercial,Low,P2,Landing Page (Vertical),/solutions/fintech,existing,vertical-existing,vertical:insurance,
1597,dpdp act compliance for insurance,Industry Vertical,Commercial,Low,P2,Landing Page (Vertical),/solutions/fintech,existing,vertical-existing,vertical:insurance,
1598,ai governance framework for insurance,Industry Vertical,Commercial,Low,P2,Landing Page (Vertical),/solutions/fintech,existing,vertical-existing,vertical:insurance,
1599,ai compliance checklist for insurance,Industry Vertical,Commercial,Medium,P2,Landing Page (Vertical),/solutions/fintech,existing,vertical-existing,vertical:insurance,
1600,ai trust platform for insurance,Industry Vertical,Commercial,Medium,P2,Landing Page (Vertical),/solutions/fintech,existing,vertical-existing,vertical:insurance,
1601,ai compliance for healthcare providers,Industry Vertical,Commercial,Low,P2,Landing Page (Vertical),/solutions/healthcare,existing,vertical-existing,vertical:healthcare providers,
1602,ai governance for healthcare providers,Industry Vertical,Commercial,Low,P2,Landing Page (Vertical),/solutions/healthcare,existing,vertical-existing,vertical:healthcare providers,
1603,ai compliance software for healthcare providers,Industry Vertical,Commercial,Low,P2,Landing Page (Vertical),/solutions/healthcare,existing,vertical-existing,vertical:healthcare providers,
1604,ai risk management for healthcare providers,Industry Vertical,Commercial,Low,P2,Landing Page (Vertical),/solutions/healthcare,existing,vertical-existing,vertical:healthcare providers,
1605,eu ai act compliance for healthcare providers,Industry Vertical,Commercial,Low,P2,Landing Page (Vertical),/solutions/healthcare,existing,vertical-existing,vertical:healthcare providers,
1606,dpdp act compliance for healthcare providers,Industry Vertical,Commercial,Low,P2,Landing Page (Vertical),/solutions/healthcare,existing,vertical-existing,vertical:healthcare providers,
1607,ai governance framework for healthcare providers,Industry Vertical,Commercial,Low,P2,Landing Page (Vertical),/solutions/healthcare,existing,vertical-existing,vertical:healthcare providers,
1608,ai compliance checklist for healthcare providers,Industry Vertical,Commercial,Low,P2,Landing Page (Vertical),/solutions/healthcare,existing,vertical-existing,vertical:healthcare providers,
1609,ai trust platform for healthcare providers,Industry Vertical,Commercial,Low,P2,Landing Page (Vertical),/solutions/healthcare,existing,vertical-existing,vertical:healthcare providers,
1610,ai compliance for pharma companies,Industry Vertical,Commercial,Low,P2,Landing Page (Vertical),/solutions/healthcare,existing,vertical-existing,vertical:pharma companies,
1611,ai governance for pharma companies,Industry Vertical,Commercial,Low,P2,Landing Page (Vertical),/solutions/healthcare,existing,vertical-existing,vertical:pharma companies,
1612,ai compliance software for pharma companies,Industry Vertical,Commercial,Low,P2,Landing Page (Vertical),/solutions/healthcare,existing,vertical-existing,vertical:pharma companies,
1613,ai risk management for pharma companies,Industry Vertical,Commercial,Low,P2,Landing Page (Vertical),/solutions/healthcare,existing,vertical-existing,vertical:pharma companies,
1614,eu ai act compliance for pharma companies,Industry Vertical,Commercial,Low,P2,Landing Page (Vertical),/solutions/healthcare,existing,vertical-existing,vertical:pharma companies,
1615,dpdp act compliance for pharma companies,Industry Vertical,Commercial,Low,P2,Landing Page (Vertical),/solutions/healthcare,existing,vertical-existing,vertical:pharma companies,
1616,ai governance framework for pharma companies,Industry Vertical,Commercial,Low,P2,Landing Page (Vertical),/solutions/healthcare,existing,vertical-existing,vertical:pharma companies,
1617,ai compliance checklist for pharma companies,Industry Vertical,Commercial,Low,P2,Landing Page (Vertical),/solutions/healthcare,existing,vertical-existing,vertical:pharma companies,
1618,ai trust platform for pharma companies,Industry Vertical,Commercial,Low,P2,Landing Page (Vertical),/solutions/healthcare,existing,vertical-existing,vertical:pharma companies,
1619,ai compliance for government agencies,Industry Vertical,Commercial,Low,P2,Landing Page (Vertical),/solutions/govt,existing,vertical-existing,vertical:government agencies,
1620,ai governance for government agencies,Industry Vertical,Commercial,Medium,P2,Landing Page (Vertical),/solutions/govt,existing,vertical-existing,vertical:government agencies,
1621,ai compliance software for government agencies,Industry Vertical,Commercial,Low,P2,Landing Page (Vertical),/solutions/govt,existing,vertical-existing,vertical:government agencies,
1622,ai risk management for government agencies,Industry Vertical,Commercial,Low,P2,Landing Page (Vertical),/solutions/govt,existing,vertical-existing,vertical:government agencies,
1623,eu ai act compliance for government agencies,Industry Vertical,Commercial,Low,P2,Landing Page (Vertical),/solutions/govt,existing,vertical-existing,vertical:government agencies,
1624,dpdp act compliance for government agencies,Industry Vertical,Commercial,Low,P2,Landing Page (Vertical),/solutions/govt,existing,vertical-existing,vertical:government agencies,
1625,ai governance framework for government agencies,Industry Vertical,Commercial,Low,P2,Landing Page (Vertical),/solutions/govt,existing,vertical-existing,vertical:government agencies,
1626,ai compliance checklist for government agencies,Industry Vertical,Commercial,Low,P2,Landing Page (Vertical),/solutions/govt,existing,vertical-existing,vertical:government agencies,
1627,ai trust platform for government agencies,Industry Vertical,Commercial,Low,P2,Landing Page (Vertical),/solutions/govt,existing,vertical-existing,vertical:government agencies,
1628,ai compliance for e-commerce companies,Industry Vertical,Commercial,Low,P2,Landing Page (Vertical),/solutions/e-commerce-companies,gap,vertical-gap,vertical:e-commerce companies,Landing Page (Vertical)
1629,ai governance for e-commerce companies,Industry Vertical,Commercial,Low,P2,Landing Page (Vertical),/solutions/e-commerce-companies,gap,vertical-gap,vertical:e-commerce companies,Landing Page (Vertical)
1630,ai compliance software for e-commerce companies,Industry Vertical,Commercial,Low,P2,Landing Page (Vertical),/solutions/e-commerce-companies,gap,vertical-gap,vertical:e-commerce companies,Landing Page (Vertical)
1631,ai risk management for e-commerce companies,Industry Vertical,Commercial,Low,P2,Landing Page (Vertical),/solutions/e-commerce-companies,gap,vertical-gap,vertical:e-commerce companies,Landing Page (Vertical)
1632,eu ai act compliance for e-commerce companies,Industry Vertical,Commercial,Low,P2,Landing Page (Vertical),/solutions/e-commerce-companies,gap,vertical-gap,vertical:e-commerce companies,Landing Page (Vertical)
1633,dpdp act compliance for e-commerce companies,Industry Vertical,Commercial,Low,P2,Landing Page (Vertical),/solutions/e-commerce-companies,gap,vertical-gap,vertical:e-commerce companies,Landing Page (Vertical)
1634,ai governance framework for e-commerce companies,Industry Vertical,Commercial,Low,P2,Landing Page (Vertical),/solutions/e-commerce-companies,gap,vertical-gap,vertical:e-commerce companies,Landing Page (Vertical)
1635,ai compliance checklist for e-commerce companies,Industry Vertical,Commercial,Low,P2,Landing Page (Vertical),/solutions/e-commerce-companies,gap,vertical-gap,vertical:e-commerce companies,Landing Page (Vertical)
1636,ai trust platform for e-commerce companies,Industry Vertical,Commercial,Low,P2,Landing Page (Vertical),/solutions/e-commerce-companies,gap,vertical-gap,vertical:e-commerce companies,Landing Page (Vertical)
1637,ai compliance for logistics companies,Industry Vertical,Commercial,Medium,P2,Landing Page (Vertical),/solutions/logistics-companies,gap,vertical-gap,vertical:logistics companies,Landing Page (Vertical)
1638,ai governance for logistics companies,Industry Vertical,Commercial,Low,P2,Landing Page (Vertical),/solutions/logistics-companies,gap,vertical-gap,vertical:logistics companies,Landing Page (Vertical)
1639,ai compliance software for logistics companies,Industry Vertical,Commercial,Low,P2,Landing Page (Vertical),/solutions/logistics-companies,gap,vertical-gap,vertical:logistics companies,Landing Page (Vertical)
1640,ai risk management for logistics companies,Industry Vertical,Commercial,Low,P2,Landing Page (Vertical),/solutions/logistics-companies,gap,vertical-gap,vertical:logistics companies,Landing Page (Vertical)
1641,eu ai act compliance for logistics companies,Industry Vertical,Commercial,Low,P2,Landing Page (Vertical),/solutions/logistics-companies,gap,vertical-gap,vertical:logistics companies,Landing Page (Vertical)
1642,dpdp act compliance for logistics companies,Industry Vertical,Commercial,Low,P2,Landing Page (Vertical),/solutions/logistics-companies,gap,vertical-gap,vertical:logistics companies,Landing Page (Vertical)
1643,ai governance framework for logistics companies,Industry Vertical,Commercial,Low,P2,Landing Page (Vertical),/solutions/logistics-companies,gap,vertical-gap,vertical:logistics companies,Landing Page (Vertical)
1644,ai compliance checklist for logistics companies,Industry Vertical,Commercial,Low,P2,Landing Page (Vertical),/solutions/logistics-companies,gap,vertical-gap,vertical:logistics companies,Landing Page (Vertical)
1645,ai trust platform for logistics companies,Industry Vertical,Commercial,Low,P2,Landing Page (Vertical),/solutions/logistics-companies,gap,vertical-gap,vertical:logistics companies,Landing Page (Vertical)
1646,ai compliance for manufacturing companies,Industry Vertical,Commercial,Medium,P2,Landing Page (Vertical),/solutions/manufacturing-companies,gap,vertical-gap,vertical:manufacturing companies,Landing Page (Vertical)
1647,ai governance for manufacturing companies,Industry Vertical,Commercial,Low,P2,Landing Page (Vertical),/solutions/manufacturing-companies,gap,vertical-gap,vertical:manufacturing companies,Landing Page (Vertical)
1648,ai compliance software for manufacturing companies,Industry Vertical,Commercial,Low,P2,Landing Page (Vertical),/solutions/manufacturing-companies,gap,vertical-gap,vertical:manufacturing companies,Landing Page (Vertical)
1649,ai risk management for manufacturing companies,Industry Vertical,Commercial,Low,P2,Landing Page (Vertical),/solutions/manufacturing-companies,gap,vertical-gap,vertical:manufacturing companies,Landing Page (Vertical)
1650,eu ai act compliance for manufacturing companies,Industry Vertical,Commercial,Low,P2,Landing Page (Vertical),/solutions/manufacturing-companies,gap,vertical-gap,vertical:manufacturing companies,Landing Page (Vertical)
1651,dpdp act compliance for manufacturing companies,Industry Vertical,Commercial,Low,P2,Landing Page (Vertical),/solutions/manufacturing-companies,gap,vertical-gap,vertical:manufacturing companies,Landing Page (Vertical)
1652,ai governance framework for manufacturing companies,Industry Vertical,Commercial,Low,P2,Landing Page (Vertical),/solutions/manufacturing-companies,gap,vertical-gap,vertical:manufacturing companies,Landing Page (Vertical)
1653,ai compliance checklist for manufacturing companies,Industry Vertical,Commercial,Low,P2,Landing Page (Vertical),/solutions/manufacturing-companies,gap,vertical-gap,vertical:manufacturing companies,Landing Page (Vertical)
1654,ai trust platform for manufacturing companies,Industry Vertical,Commercial,Low,P2,Landing Page (Vertical),/solutions/manufacturing-companies,gap,vertical-gap,vertical:manufacturing companies,Landing Page (Vertical)
1655,ai compliance for telecom companies,Industry Vertical,Commercial,Low,P2,Landing Page (Vertical),/solutions/telecom-companies,gap,vertical-gap,vertical:telecom companies,Landing Page (Vertical)
1656,ai governance for telecom companies,Industry Vertical,Commercial,Low,P2,Landing Page (Vertical),/solutions/telecom-companies,gap,vertical-gap,vertical:telecom companies,Landing Page (Vertical)
1657,ai compliance software for telecom companies,Industry Vertical,Commercial,Low,P2,Landing Page (Vertical),/solutions/telecom-companies,gap,vertical-gap,vertical:telecom companies,Landing Page (Vertical)
1658,ai risk management for telecom companies,Industry Vertical,Commercial,Low,P2,Landing Page (Vertical),/solutions/telecom-companies,gap,vertical-gap,vertical:telecom companies,Landing Page (Vertical)
1659,eu ai act compliance for telecom companies,Industry Vertical,Commercial,Low,P2,Landing Page (Vertical),/solutions/telecom-companies,gap,vertical-gap,vertical:telecom companies,Landing Page (Vertical)
1660,dpdp act compliance for telecom companies,Industry Vertical,Commercial,Low,P2,Landing Page (Vertical),/solutions/telecom-companies,gap,vertical-gap,vertical:telecom companies,Landing Page (Vertical)
1661,ai governance framework for telecom companies,Industry Vertical,Commercial,Low,P2,Landing Page (Vertical),/solutions/telecom-companies,gap,vertical-gap,vertical:telecom companies,Landing Page (Vertical)
1662,ai compliance checklist for telecom companies,Industry Vertical,Commercial,Low,P2,Landing Page (Vertical),/solutions/telecom-companies,gap,vertical-gap,vertical:telecom companies,Landing Page (Vertical)
1663,ai trust platform for telecom companies,Industry Vertical,Commercial,Low,P2,Landing Page (Vertical),/solutions/telecom-companies,gap,vertical-gap,vertical:telecom companies,Landing Page (Vertical)
1664,ai compliance for media companies,Industry Vertical,Commercial,Low,P2,Landing Page (Vertical),/solutions/media-companies,gap,vertical-gap,vertical:media companies,Landing Page (Vertical)
1665,ai governance for media companies,Industry Vertical,Commercial,Medium,P2,Landing Page (Vertical),/solutions/media-companies,gap,vertical-gap,vertical:media companies,Landing Page (Vertical)
1666,ai compliance software for media companies,Industry Vertical,Commercial,Low,P2,Landing Page (Vertical),/solutions/media-companies,gap,vertical-gap,vertical:media companies,Landing Page (Vertical)
1667,ai risk management for media companies,Industry Vertical,Commercial,Low,P2,Landing Page (Vertical),/solutions/media-companies,gap,vertical-gap,vertical:media companies,Landing Page (Vertical)
1668,eu ai act compliance for media companies,Industry Vertical,Commercial,Low,P2,Landing Page (Vertical),/solutions/media-companies,gap,vertical-gap,vertical:media companies,Landing Page (Vertical)
1669,dpdp act compliance for media companies,Industry Vertical,Commercial,Low,P2,Landing Page (Vertical),/solutions/media-companies,gap,vertical-gap,vertical:media companies,Landing Page (Vertical)
1670,ai governance framework for media companies,Industry Vertical,Commercial,Low,P2,Landing Page (Vertical),/solutions/media-companies,gap,vertical-gap,vertical:media companies,Landing Page (Vertical)
1671,ai compliance checklist for media companies,Industry Vertical,Commercial,Low,P2,Landing Page (Vertical),/solutions/media-companies,gap,vertical-gap,vertical:media companies,Landing Page (Vertical)
1672,ai trust platform for media companies,Industry Vertical,Commercial,Low,P2,Landing Page (Vertical),/solutions/media-companies,gap,vertical-gap,vertical:media companies,Landing Page (Vertical)
1673,ai compliance for cybersecurity companies,Industry Vertical,Commercial,Low,P2,Landing Page (Vertical),/solutions/cybersecurity-companies,gap,vertical-gap,vertical:cybersecurity companies,Landing Page (Vertical)
1674,ai governance for cybersecurity companies,Industry Vertical,Commercial,Medium,P2,Landing Page (Vertical),/solutions/cybersecurity-companies,gap,vertical-gap,vertical:cybersecurity companies,Landing Page (Vertical)
1675,ai compliance software for cybersecurity companies,Industry Vertical,Commercial,Low,P2,Landing Page (Vertical),/solutions/cybersecurity-companies,gap,vertical-gap,vertical:cybersecurity companies,Landing Page (Vertical)
1676,ai risk management for cybersecurity companies,Industry Vertical,Commercial,Low,P2,Landing Page (Vertical),/solutions/cybersecurity-companies,gap,vertical-gap,vertical:cybersecurity companies,Landing Page (Vertical)
1677,eu ai act compliance for cybersecurity companies,Industry Vertical,Commercial,Low,P2,Landing Page (Vertical),/solutions/cybersecurity-companies,gap,vertical-gap,vertical:cybersecurity companies,Landing Page (Vertical)
1678,dpdp act compliance for cybersecurity companies,Industry Vertical,Commercial,Low,P2,Landing Page (Vertical),/solutions/cybersecurity-companies,gap,vertical-gap,vertical:cybersecurity companies,Landing Page (Vertical)
1679,ai governance framework for cybersecurity companies,Industry Vertical,Commercial,Low,P2,Landing Page (Vertical),/solutions/cybersecurity-companies,gap,vertical-gap,vertical:cybersecurity companies,Landing Page (Vertical)
1680,ai compliance checklist for cybersecurity companies,Industry Vertical,Commercial,Low,P2,Landing Page (Vertical),/solutions/cybersecurity-companies,gap,vertical-gap,vertical:cybersecurity companies,Landing Page (Vertical)
1681,ai trust platform for cybersecurity companies,Industry Vertical,Commercial,Low,P2,Landing Page (Vertical),/solutions/cybersecurity-companies,gap,vertical-gap,vertical:cybersecurity companies,Landing Page (Vertical)
1682,ai compliance for recruiting platforms,Industry Vertical,Commercial,Medium,P2,Landing Page (Vertical),/solutions/recruiting-platforms,gap,vertical-gap,vertical:recruiting platforms,Landing Page (Vertical)
1683,ai governance for recruiting platforms,Industry Vertical,Commercial,Low,P2,Landing Page (Vertical),/solutions/recruiting-platforms,gap,vertical-gap,vertical:recruiting platforms,Landing Page (Vertical)
1684,ai compliance software for recruiting platforms,Industry Vertical,Commercial,Low,P2,Landing Page (Vertical),/solutions/recruiting-platforms,gap,vertical-gap,vertical:recruiting platforms,Landing Page (Vertical)
1685,ai risk management for recruiting platforms,Industry Vertical,Commercial,Low,P2,Landing Page (Vertical),/solutions/recruiting-platforms,gap,vertical-gap,vertical:recruiting platforms,Landing Page (Vertical)
1686,eu ai act compliance for recruiting platforms,Industry Vertical,Commercial,Low,P2,Landing Page (Vertical),/solutions/recruiting-platforms,gap,vertical-gap,vertical:recruiting platforms,Landing Page (Vertical)
1687,dpdp act compliance for recruiting platforms,Industry Vertical,Commercial,Low,P2,Landing Page (Vertical),/solutions/recruiting-platforms,gap,vertical-gap,vertical:recruiting platforms,Landing Page (Vertical)
1688,ai governance framework for recruiting platforms,Industry Vertical,Commercial,Low,P2,Landing Page (Vertical),/solutions/recruiting-platforms,gap,vertical-gap,vertical:recruiting platforms,Landing Page (Vertical)
1689,ai compliance checklist for recruiting platforms,Industry Vertical,Commercial,Low,P2,Landing Page (Vertical),/solutions/recruiting-platforms,gap,vertical-gap,vertical:recruiting platforms,Landing Page (Vertical)
1690,ai trust platform for recruiting platforms,Industry Vertical,Commercial,Low,P2,Landing Page (Vertical),/solutions/recruiting-platforms,gap,vertical-gap,vertical:recruiting platforms,Landing Page (Vertical)
1691,ai compliance for marketing agencies,Industry Vertical,Commercial,Medium,P2,Landing Page (Vertical),/solutions/marketing-agencies,gap,vertical-gap,vertical:marketing agencies,Landing Page (Vertical)
1692,ai governance for marketing agencies,Industry Vertical,Commercial,Medium,P2,Landing Page (Vertical),/solutions/marketing-agencies,gap,vertical-gap,vertical:marketing agencies,Landing Page (Vertical)
1693,ai compliance software for marketing agencies,Industry Vertical,Commercial,Low,P2,Landing Page (Vertical),/solutions/marketing-agencies,gap,vertical-gap,vertical:marketing agencies,Landing Page (Vertical)
1694,ai risk management for marketing agencies,Industry Vertical,Commercial,Low,P2,Landing Page (Vertical),/solutions/marketing-agencies,gap,vertical-gap,vertical:marketing agencies,Landing Page (Vertical)
1695,eu ai act compliance for marketing agencies,Industry Vertical,Commercial,Low,P2,Landing Page (Vertical),/solutions/marketing-agencies,gap,vertical-gap,vertical:marketing agencies,Landing Page (Vertical)
1696,dpdp act compliance for marketing agencies,Industry Vertical,Commercial,Low,P2,Landing Page (Vertical),/solutions/marketing-agencies,gap,vertical-gap,vertical:marketing agencies,Landing Page (Vertical)
1697,ai governance framework for marketing agencies,Industry Vertical,Commercial,Low,P2,Landing Page (Vertical),/solutions/marketing-agencies,gap,vertical-gap,vertical:marketing agencies,Landing Page (Vertical)
1698,ai compliance checklist for marketing agencies,Industry Vertical,Commercial,Low,P2,Landing Page (Vertical),/solutions/marketing-agencies,gap,vertical-gap,vertical:marketing agencies,Landing Page (Vertical)
1699,ai trust platform for marketing agencies,Industry Vertical,Commercial,Low,P2,Landing Page (Vertical),/solutions/marketing-agencies,gap,vertical-gap,vertical:marketing agencies,Landing Page (Vertical)
1700,ai compliance software india,Geo,Commercial,Medium,P2,Landing Page (Geo),/solutions/india-first,existing,geo-existing,geo:india,
1701,ai governance company india,Geo,Commercial,Low,P2,Landing Page (Geo),/solutions/india-first,existing,geo-existing,geo:india,
1702,ai compliance consultants india,Geo,Commercial,Low,P2,Landing Page (Geo),/solutions/india-first,existing,geo-existing,geo:india,
1703,eu ai act compliance for companies in india,Geo,Commercial,Low,P2,Landing Page (Geo),/solutions/india-first,existing,geo-existing,geo:india,
1704,dpdp compliance consultants india,Geo,Commercial,Medium,P2,Landing Page (Geo),/solutions/india-first,existing,geo-existing,geo:india,
1705,ai trust platform india,Geo,Commercial,Medium,P2,Landing Page (Geo),/solutions/india-first,existing,geo-existing,geo:india,
1706,ai compliance startup india,Geo,Commercial,Low,P2,Landing Page (Geo),/solutions/india-first,existing,geo-existing,geo:india,
1707,ai governance platform india,Geo,Commercial,Medium,P2,Landing Page (Geo),/solutions/india-first,existing,geo-existing,geo:india,
1708,ai risk management firm india,Geo,Commercial,Medium,P2,Landing Page (Geo),/solutions/india-first,existing,geo-existing,geo:india,
1709,ai compliance software usa,Geo,Commercial,Medium,P2,Landing Page (Geo),/solutions/us-saas,existing,geo-existing,geo:usa,
1710,ai governance company usa,Geo,Commercial,Medium,P2,Landing Page (Geo),/solutions/us-saas,existing,geo-existing,geo:usa,
1711,ai compliance consultants usa,Geo,Commercial,Medium,P2,Landing Page (Geo),/solutions/us-saas,existing,geo-existing,geo:usa,
1712,eu ai act compliance for companies in usa,Geo,Commercial,Low,P2,Landing Page (Geo),/solutions/us-saas,existing,geo-existing,geo:usa,
1713,dpdp compliance consultants usa,Geo,Commercial,Medium,P2,Landing Page (Geo),/solutions/us-saas,existing,geo-existing,geo:usa,
1714,ai trust platform usa,Geo,Commercial,Low,P2,Landing Page (Geo),/solutions/us-saas,existing,geo-existing,geo:usa,
1715,ai compliance startup usa,Geo,Commercial,Low,P2,Landing Page (Geo),/solutions/us-saas,existing,geo-existing,geo:usa,
1716,ai governance platform usa,Geo,Commercial,Low,P2,Landing Page (Geo),/solutions/us-saas,existing,geo-existing,geo:usa,
1717,ai risk management firm usa,Geo,Commercial,Medium,P2,Landing Page (Geo),/solutions/us-saas,existing,geo-existing,geo:usa,
1718,ai compliance software united states,Geo,Commercial,Low,P2,Landing Page (Geo),/solutions/us-saas,existing,geo-existing,geo:united states,
1719,ai governance company united states,Geo,Commercial,Medium,P2,Landing Page (Geo),/solutions/us-saas,existing,geo-existing,geo:united states,
1720,ai compliance consultants united states,Geo,Commercial,Medium,P2,Landing Page (Geo),/solutions/us-saas,existing,geo-existing,geo:united states,
1721,eu ai act compliance for companies in united states,Geo,Commercial,Low,P2,Landing Page (Geo),/solutions/us-saas,existing,geo-existing,geo:united states,
1722,dpdp compliance consultants united states,Geo,Commercial,Low,P2,Landing Page (Geo),/solutions/us-saas,existing,geo-existing,geo:united states,
1723,ai trust platform united states,Geo,Commercial,Low,P2,Landing Page (Geo),/solutions/us-saas,existing,geo-existing,geo:united states,
1724,ai compliance startup united states,Geo,Commercial,Medium,P2,Landing Page (Geo),/solutions/us-saas,existing,geo-existing,geo:united states,
1725,ai governance platform united states,Geo,Commercial,Low,P2,Landing Page (Geo),/solutions/us-saas,existing,geo-existing,geo:united states,
1726,ai risk management firm united states,Geo,Commercial,Low,P2,Landing Page (Geo),/solutions/us-saas,existing,geo-existing,geo:united states,
1727,ai compliance software uk,Geo,Commercial,Low,P2,Landing Page (Geo),/solutions/uk,gap,geo-gap,geo:uk,Landing Page (Geo)
1728,ai governance company uk,Geo,Commercial,Medium,P2,Landing Page (Geo),/solutions/uk,gap,geo-gap,geo:uk,Landing Page (Geo)
1729,ai compliance consultants uk,Geo,Commercial,Medium,P2,Landing Page (Geo),/solutions/uk,gap,geo-gap,geo:uk,Landing Page (Geo)
1730,eu ai act compliance for companies in uk,Geo,Commercial,Low,P2,Landing Page (Geo),/solutions/eu-export,existing,geo-existing,geo:eu,
1731,dpdp compliance consultants uk,Geo,Commercial,Low,P2,Landing Page (Geo),/solutions/uk,gap,geo-gap,geo:uk,Landing Page (Geo)
1732,ai trust platform uk,Geo,Commercial,Medium,P2,Landing Page (Geo),/solutions/uk,gap,geo-gap,geo:uk,Landing Page (Geo)
1733,ai compliance startup uk,Geo,Commercial,Low,P2,Landing Page (Geo),/solutions/uk,gap,geo-gap,geo:uk,Landing Page (Geo)
1734,ai governance platform uk,Geo,Commercial,Low,P2,Landing Page (Geo),/solutions/uk,gap,geo-gap,geo:uk,Landing Page (Geo)
1735,ai risk management firm uk,Geo,Commercial,Medium,P2,Landing Page (Geo),/solutions/uk,gap,geo-gap,geo:uk,Landing Page (Geo)
1736,ai compliance software europe,Geo,Commercial,Medium,P2,Landing Page (Geo),/solutions/eu-export,existing,geo-existing,geo:europe,
1737,ai governance company europe,Geo,Commercial,Low,P2,Landing Page (Geo),/solutions/eu-export,existing,geo-existing,geo:europe,
1738,ai compliance consultants europe,Geo,Commercial,Medium,P2,Landing Page (Geo),/solutions/eu-export,existing,geo-existing,geo:europe,
1739,eu ai act compliance for companies in europe,Geo,Commercial,Low,P2,Landing Page (Geo),/solutions/eu-export,existing,geo-existing,geo:europe,
1740,dpdp compliance consultants europe,Geo,Commercial,Low,P2,Landing Page (Geo),/solutions/eu-export,existing,geo-existing,geo:europe,
1741,ai trust platform europe,Geo,Commercial,Medium,P2,Landing Page (Geo),/solutions/eu-export,existing,geo-existing,geo:europe,
1742,ai compliance startup europe,Geo,Commercial,Medium,P2,Landing Page (Geo),/solutions/eu-export,existing,geo-existing,geo:europe,
1743,ai governance platform europe,Geo,Commercial,Low,P2,Landing Page (Geo),/solutions/eu-export,existing,geo-existing,geo:europe,
1744,ai risk management firm europe,Geo,Commercial,Medium,P2,Landing Page (Geo),/solutions/eu-export,existing,geo-existing,geo:europe,
1745,ai compliance software eu,Geo,Commercial,Low,P2,Landing Page (Geo),/solutions/eu-export,existing,geo-existing,geo:eu,
1746,ai governance company eu,Geo,Commercial,Medium,P2,Landing Page (Geo),/solutions/eu-export,existing,geo-existing,geo:eu,
1747,ai compliance consultants eu,Geo,Commercial,Low,P2,Landing Page (Geo),/solutions/eu-export,existing,geo-existing,geo:eu,
1748,eu ai act compliance for companies in eu,Geo,Commercial,Low,P2,Landing Page (Geo),/solutions/eu-export,existing,geo-existing,geo:eu,
1749,dpdp compliance consultants eu,Geo,Commercial,Low,P2,Landing Page (Geo),/solutions/eu-export,existing,geo-existing,geo:eu,
1750,ai trust platform eu,Geo,Commercial,Medium,P2,Landing Page (Geo),/solutions/eu-export,existing,geo-existing,geo:eu,
1751,ai compliance startup eu,Geo,Commercial,Low,P2,Landing Page (Geo),/solutions/eu-export,existing,geo-existing,geo:eu,
1752,ai governance platform eu,Geo,Commercial,Medium,P2,Landing Page (Geo),/solutions/eu-export,existing,geo-existing,geo:eu,
1753,ai risk management firm eu,Geo,Commercial,Low,P2,Landing Page (Geo),/solutions/eu-export,existing,geo-existing,geo:eu,
1754,ai compliance software singapore,Geo,Commercial,Low,P2,Landing Page (Geo),/solutions/singapore,gap,geo-gap,geo:singapore,Landing Page (Geo)
1755,ai governance company singapore,Geo,Commercial,Low,P2,Landing Page (Geo),/solutions/singapore,gap,geo-gap,geo:singapore,Landing Page (Geo)
1756,ai compliance consultants singapore,Geo,Commercial,Medium,P2,Landing Page (Geo),/solutions/singapore,gap,geo-gap,geo:singapore,Landing Page (Geo)
1757,eu ai act compliance for companies in singapore,Geo,Commercial,Low,P2,Landing Page (Geo),/solutions/singapore,gap,geo-gap,geo:singapore,Landing Page (Geo)
1758,dpdp compliance consultants singapore,Geo,Commercial,Medium,P2,Landing Page (Geo),/solutions/singapore,gap,geo-gap,geo:singapore,Landing Page (Geo)
1759,ai trust platform singapore,Geo,Commercial,Low,P2,Landing Page (Geo),/solutions/singapore,gap,geo-gap,geo:singapore,Landing Page (Geo)
1760,ai compliance startup singapore,Geo,Commercial,Medium,P2,Landing Page (Geo),/solutions/singapore,gap,geo-gap,geo:singapore,Landing Page (Geo)
1761,ai governance platform singapore,Geo,Commercial,Medium,P2,Landing Page (Geo),/solutions/singapore,gap,geo-gap,geo:singapore,Landing Page (Geo)
1762,ai risk management firm singapore,Geo,Commercial,Low,P2,Landing Page (Geo),/solutions/singapore,gap,geo-gap,geo:singapore,Landing Page (Geo)
1763,ai compliance software uae,Geo,Commercial,Low,P2,Landing Page (Geo),/solutions/uae,gap,geo-gap,geo:uae,Landing Page (Geo)
1764,ai governance company uae,Geo,Commercial,Low,P2,Landing Page (Geo),/solutions/uae,gap,geo-gap,geo:uae,Landing Page (Geo)
1765,ai compliance consultants uae,Geo,Commercial,Medium,P2,Landing Page (Geo),/solutions/uae,gap,geo-gap,geo:uae,Landing Page (Geo)
1766,eu ai act compliance for companies in uae,Geo,Commercial,Low,P2,Landing Page (Geo),/solutions/uae,gap,geo-gap,geo:uae,Landing Page (Geo)
1767,dpdp compliance consultants uae,Geo,Commercial,Low,P2,Landing Page (Geo),/solutions/uae,gap,geo-gap,geo:uae,Landing Page (Geo)
1768,ai trust platform uae,Geo,Commercial,Low,P2,Landing Page (Geo),/solutions/uae,gap,geo-gap,geo:uae,Landing Page (Geo)
1769,ai compliance startup uae,Geo,Commercial,Medium,P2,Landing Page (Geo),/solutions/uae,gap,geo-gap,geo:uae,Landing Page (Geo)
1770,ai governance platform uae,Geo,Commercial,Low,P2,Landing Page (Geo),/solutions/uae,gap,geo-gap,geo:uae,Landing Page (Geo)
1771,ai risk management firm uae,Geo,Commercial,Medium,P2,Landing Page (Geo),/solutions/uae,gap,geo-gap,geo:uae,Landing Page (Geo)
1772,ai compliance software dubai,Geo,Commercial,Low,P2,Landing Page (Geo),/solutions/dubai,gap,geo-gap,geo:dubai,Landing Page (Geo)
1773,ai governance company dubai,Geo,Commercial,Medium,P2,Landing Page (Geo),/solutions/dubai,gap,geo-gap,geo:dubai,Landing Page (Geo)
1774,ai compliance consultants dubai,Geo,Commercial,Low,P2,Landing Page (Geo),/solutions/dubai,gap,geo-gap,geo:dubai,Landing Page (Geo)
1775,eu ai act compliance for companies in dubai,Geo,Commercial,Low,P2,Landing Page (Geo),/solutions/dubai,gap,geo-gap,geo:dubai,Landing Page (Geo)
1776,dpdp compliance consultants dubai,Geo,Commercial,Low,P2,Landing Page (Geo),/solutions/dubai,gap,geo-gap,geo:dubai,Landing Page (Geo)
1777,ai trust platform dubai,Geo,Commercial,Low,P2,Landing Page (Geo),/solutions/dubai,gap,geo-gap,geo:dubai,Landing Page (Geo)
1778,ai compliance startup dubai,Geo,Commercial,Medium,P2,Landing Page (Geo),/solutions/dubai,gap,geo-gap,geo:dubai,Landing Page (Geo)
1779,ai governance platform dubai,Geo,Commercial,Medium,P2,Landing Page (Geo),/solutions/dubai,gap,geo-gap,geo:dubai,Landing Page (Geo)
1780,ai risk management firm dubai,Geo,Commercial,Low,P2,Landing Page (Geo),/solutions/dubai,gap,geo-gap,geo:dubai,Landing Page (Geo)
1781,ai compliance software hong kong,Geo,Commercial,Low,P2,Landing Page (Geo),/solutions/hong-kong,gap,geo-gap,geo:hong kong,Landing Page (Geo)
1782,ai governance company hong kong,Geo,Commercial,Medium,P2,Landing Page (Geo),/solutions/hong-kong,gap,geo-gap,geo:hong kong,Landing Page (Geo)
1783,ai compliance consultants hong kong,Geo,Commercial,Low,P2,Landing Page (Geo),/solutions/hong-kong,gap,geo-gap,geo:hong kong,Landing Page (Geo)
1784,eu ai act compliance for companies in hong kong,Geo,Commercial,Low,P2,Landing Page (Geo),/solutions/hong-kong,gap,geo-gap,geo:hong kong,Landing Page (Geo)
1785,dpdp compliance consultants hong kong,Geo,Commercial,Low,P2,Landing Page (Geo),/solutions/hong-kong,gap,geo-gap,geo:hong kong,Landing Page (Geo)
1786,ai trust platform hong kong,Geo,Commercial,Low,P2,Landing Page (Geo),/solutions/hong-kong,gap,geo-gap,geo:hong kong,Landing Page (Geo)
1787,ai compliance startup hong kong,Geo,Commercial,Medium,P2,Landing Page (Geo),/solutions/hong-kong,gap,geo-gap,geo:hong kong,Landing Page (Geo)
1788,ai governance platform hong kong,Geo,Commercial,Medium,P2,Landing Page (Geo),/solutions/hong-kong,gap,geo-gap,geo:hong kong,Landing Page (Geo)
1789,ai risk management firm hong kong,Geo,Commercial,Low,P2,Landing Page (Geo),/solutions/hong-kong,gap,geo-gap,geo:hong kong,Landing Page (Geo)
1790,ai compliance software gurgaon,Geo,Commercial,Low,P2,Landing Page (Geo),/solutions/india-first,existing,geo-existing,geo:gurgaon,
1791,ai governance company gurgaon,Geo,Commercial,Medium,P2,Landing Page (Geo),/solutions/india-first,existing,geo-existing,geo:gurgaon,
1792,ai compliance consultants gurgaon,Geo,Commercial,Low,P2,Landing Page (Geo),/solutions/india-first,existing,geo-existing,geo:gurgaon,
1793,eu ai act compliance for companies in gurgaon,Geo,Commercial,Low,P2,Landing Page (Geo),/solutions/india-first,existing,geo-existing,geo:gurgaon,
1794,dpdp compliance consultants gurgaon,Geo,Commercial,Medium,P2,Landing Page (Geo),/solutions/india-first,existing,geo-existing,geo:gurgaon,
1795,ai trust platform gurgaon,Geo,Commercial,Low,P2,Landing Page (Geo),/solutions/india-first,existing,geo-existing,geo:gurgaon,
1796,ai compliance startup gurgaon,Geo,Commercial,Low,P2,Landing Page (Geo),/solutions/india-first,existing,geo-existing,geo:gurgaon,
1797,ai governance platform gurgaon,Geo,Commercial,Medium,P2,Landing Page (Geo),/solutions/india-first,existing,geo-existing,geo:gurgaon,
1798,ai risk management firm gurgaon,Geo,Commercial,Low,P2,Landing Page (Geo),/solutions/india-first,existing,geo-existing,geo:gurgaon,
1799,ai compliance software bangalore,Geo,Commercial,Low,P2,Landing Page (Geo),/solutions/india-first,existing,geo-existing,geo:bangalore,
1800,ai governance company bangalore,Geo,Commercial,Medium,P2,Landing Page (Geo),/solutions/india-first,existing,geo-existing,geo:bangalore,
1801,ai compliance consultants bangalore,Geo,Commercial,Medium,P2,Landing Page (Geo),/solutions/india-first,existing,geo-existing,geo:bangalore,
1802,eu ai act compliance for companies in bangalore,Geo,Commercial,Low,P2,Landing Page (Geo),/solutions/india-first,existing,geo-existing,geo:bangalore,
1803,dpdp compliance consultants bangalore,Geo,Commercial,Low,P2,Landing Page (Geo),/solutions/india-first,existing,geo-existing,geo:bangalore,
1804,ai trust platform bangalore,Geo,Commercial,Medium,P2,Landing Page (Geo),/solutions/india-first,existing,geo-existing,geo:bangalore,
1805,ai compliance startup bangalore,Geo,Commercial,Medium,P2,Landing Page (Geo),/solutions/india-first,existing,geo-existing,geo:bangalore,
1806,ai governance platform bangalore,Geo,Commercial,Medium,P2,Landing Page (Geo),/solutions/india-first,existing,geo-existing,geo:bangalore,
1807,ai risk management firm bangalore,Geo,Commercial,Low,P2,Landing Page (Geo),/solutions/india-first,existing,geo-existing,geo:bangalore,
1808,ai compliance software delhi,Geo,Commercial,Medium,P2,Landing Page (Geo),/solutions/india-first,existing,geo-existing,geo:delhi,
1809,ai governance company delhi,Geo,Commercial,Low,P2,Landing Page (Geo),/solutions/india-first,existing,geo-existing,geo:delhi,
1810,ai compliance consultants delhi,Geo,Commercial,Medium,P2,Landing Page (Geo),/solutions/india-first,existing,geo-existing,geo:delhi,
1811,eu ai act compliance for companies in delhi,Geo,Commercial,Low,P2,Landing Page (Geo),/solutions/india-first,existing,geo-existing,geo:delhi,
1812,dpdp compliance consultants delhi,Geo,Commercial,Low,P2,Landing Page (Geo),/solutions/india-first,existing,geo-existing,geo:delhi,
1813,ai trust platform delhi,Geo,Commercial,Low,P2,Landing Page (Geo),/solutions/india-first,existing,geo-existing,geo:delhi,
1814,ai compliance startup delhi,Geo,Commercial,Medium,P2,Landing Page (Geo),/solutions/india-first,existing,geo-existing,geo:delhi,
1815,ai governance platform delhi,Geo,Commercial,Low,P2,Landing Page (Geo),/solutions/india-first,existing,geo-existing,geo:delhi,
1816,ai risk management firm delhi,Geo,Commercial,Low,P2,Landing Page (Geo),/solutions/india-first,existing,geo-existing,geo:delhi,
1817,ai compliance software mumbai,Geo,Commercial,Medium,P2,Landing Page (Geo),/solutions/india-first,existing,geo-existing,geo:mumbai,
1818,ai governance company mumbai,Geo,Commercial,Medium,P2,Landing Page (Geo),/solutions/india-first,existing,geo-existing,geo:mumbai,
1819,ai compliance consultants mumbai,Geo,Commercial,Low,P2,Landing Page (Geo),/solutions/india-first,existing,geo-existing,geo:mumbai,
1820,eu ai act compliance for companies in mumbai,Geo,Commercial,Low,P2,Landing Page (Geo),/solutions/india-first,existing,geo-existing,geo:mumbai,
1821,dpdp compliance consultants mumbai,Geo,Commercial,Medium,P2,Landing Page (Geo),/solutions/india-first,existing,geo-existing,geo:mumbai,
1822,ai trust platform mumbai,Geo,Commercial,Medium,P2,Landing Page (Geo),/solutions/india-first,existing,geo-existing,geo:mumbai,
1823,ai compliance startup mumbai,Geo,Commercial,Low,P2,Landing Page (Geo),/solutions/india-first,existing,geo-existing,geo:mumbai,
1824,ai governance platform mumbai,Geo,Commercial,Low,P2,Landing Page (Geo),/solutions/india-first,existing,geo-existing,geo:mumbai,
1825,ai risk management firm mumbai,Geo,Commercial,Low,P2,Landing Page (Geo),/solutions/india-first,existing,geo-existing,geo:mumbai,
1826,ai compliance software california,Geo,Commercial,Medium,P2,Landing Page (Geo),/solutions/us-saas,existing,geo-existing,geo:california,
1827,ai governance company california,Geo,Commercial,Low,P2,Landing Page (Geo),/solutions/us-saas,existing,geo-existing,geo:california,
1828,ai compliance consultants california,Geo,Commercial,Medium,P2,Landing Page (Geo),/solutions/us-saas,existing,geo-existing,geo:california,
1829,eu ai act compliance for companies in california,Geo,Commercial,Low,P2,Landing Page (Geo),/solutions/us-saas,existing,geo-existing,geo:california,
1830,dpdp compliance consultants california,Geo,Commercial,Low,P2,Landing Page (Geo),/solutions/us-saas,existing,geo-existing,geo:california,
1831,ai trust platform california,Geo,Commercial,Low,P2,Landing Page (Geo),/solutions/us-saas,existing,geo-existing,geo:california,
1832,ai compliance startup california,Geo,Commercial,Low,P2,Landing Page (Geo),/solutions/us-saas,existing,geo-existing,geo:california,
1833,ai governance platform california,Geo,Commercial,Low,P2,Landing Page (Geo),/solutions/us-saas,existing,geo-existing,geo:california,
1834,ai risk management firm california,Geo,Commercial,Medium,P2,Landing Page (Geo),/solutions/us-saas,existing,geo-existing,geo:california,
1835,ai compliance software new york,Geo,Commercial,Medium,P2,Landing Page (Geo),/solutions/us-saas,existing,geo-existing,geo:new york,
1836,ai governance company new york,Geo,Commercial,Medium,P2,Landing Page (Geo),/solutions/us-saas,existing,geo-existing,geo:new york,
1837,ai compliance consultants new york,Geo,Commercial,Medium,P2,Landing Page (Geo),/solutions/us-saas,existing,geo-existing,geo:new york,
1838,eu ai act compliance for companies in new york,Geo,Commercial,Low,P2,Landing Page (Geo),/solutions/us-saas,existing,geo-existing,geo:new york,
1839,dpdp compliance consultants new york,Geo,Commercial,Medium,P2,Landing Page (Geo),/solutions/us-saas,existing,geo-existing,geo:new york,
1840,ai trust platform new york,Geo,Commercial,Low,P2,Landing Page (Geo),/solutions/us-saas,existing,geo-existing,geo:new york,
1841,ai compliance startup new york,Geo,Commercial,Low,P2,Landing Page (Geo),/solutions/us-saas,existing,geo-existing,geo:new york,
1842,ai governance platform new york,Geo,Commercial,Medium,P2,Landing Page (Geo),/solutions/us-saas,existing,geo-existing,geo:new york,
1843,ai risk management firm new york,Geo,Commercial,Low,P2,Landing Page (Geo),/solutions/us-saas,existing,geo-existing,geo:new york,
1844,ai compliance software canada,Geo,Commercial,Medium,P2,Landing Page (Geo),/solutions/canada,gap,geo-gap,geo:canada,Landing Page (Geo)
1845,ai governance company canada,Geo,Commercial,Low,P2,Landing Page (Geo),/solutions/canada,gap,geo-gap,geo:canada,Landing Page (Geo)
1846,ai compliance consultants canada,Geo,Commercial,Medium,P2,Landing Page (Geo),/solutions/canada,gap,geo-gap,geo:canada,Landing Page (Geo)
1847,eu ai act compliance for companies in canada,Geo,Commercial,Low,P2,Landing Page (Geo),/solutions/canada,gap,geo-gap,geo:canada,Landing Page (Geo)
1848,dpdp compliance consultants canada,Geo,Commercial,Medium,P2,Landing Page (Geo),/solutions/canada,gap,geo-gap,geo:canada,Landing Page (Geo)
1849,ai trust platform canada,Geo,Commercial,Low,P2,Landing Page (Geo),/solutions/canada,gap,geo-gap,geo:canada,Landing Page (Geo)
1850,ai compliance startup canada,Geo,Commercial,Medium,P2,Landing Page (Geo),/solutions/canada,gap,geo-gap,geo:canada,Landing Page (Geo)
1851,ai governance platform canada,Geo,Commercial,Medium,P2,Landing Page (Geo),/solutions/canada,gap,geo-gap,geo:canada,Landing Page (Geo)
1852,ai risk management firm canada,Geo,Commercial,Medium,P2,Landing Page (Geo),/solutions/canada,gap,geo-gap,geo:canada,Landing Page (Geo)
1853,ai compliance software australia,Geo,Commercial,Medium,P2,Landing Page (Geo),/solutions/australia,gap,geo-gap,geo:australia,Landing Page (Geo)
1854,ai governance company australia,Geo,Commercial,Medium,P2,Landing Page (Geo),/solutions/australia,gap,geo-gap,geo:australia,Landing Page (Geo)
1855,ai compliance consultants australia,Geo,Commercial,Medium,P2,Landing Page (Geo),/solutions/australia,gap,geo-gap,geo:australia,Landing Page (Geo)
1856,eu ai act compliance for companies in australia,Geo,Commercial,Low,P2,Landing Page (Geo),/solutions/australia,gap,geo-gap,geo:australia,Landing Page (Geo)
1857,dpdp compliance consultants australia,Geo,Commercial,Low,P2,Landing Page (Geo),/solutions/australia,gap,geo-gap,geo:australia,Landing Page (Geo)
1858,ai trust platform australia,Geo,Commercial,Medium,P2,Landing Page (Geo),/solutions/australia,gap,geo-gap,geo:australia,Landing Page (Geo)
1859,ai compliance startup australia,Geo,Commercial,Medium,P2,Landing Page (Geo),/solutions/australia,gap,geo-gap,geo:australia,Landing Page (Geo)
1860,ai governance platform australia,Geo,Commercial,Medium,P2,Landing Page (Geo),/solutions/australia,gap,geo-gap,geo:australia,Landing Page (Geo)
1861,ai risk management firm australia,Geo,Commercial,Medium,P2,Landing Page (Geo),/solutions/australia,gap,geo-gap,geo:australia,Landing Page (Geo)
1862,what is the eu ai act,Informational,Informational,Low,P2,Blog Post / FAQ,/blog,gap,editorial,editorial:eu ai act,Blog Post / FAQ
1863,what is the dpdp act,Informational,Informational,Medium,P2,Blog Post / FAQ,/blog,gap,editorial,editorial:dpdp act,Blog Post / FAQ
1864,what is ai governance,Informational,Informational,Low,P2,Blog Post / FAQ,/blog,gap,editorial,editorial:ai governance,Blog Post / FAQ
1865,what is ai trust,Informational,Informational,Medium,P2,Blog Post / FAQ,/blog,gap,editorial,editorial:ai trust,Blog Post / FAQ
1866,what is ai risk management,Informational,Informational,Low,P2,Blog Post / FAQ,/blog,gap,editorial,editorial:ai risk management,Blog Post / FAQ
1867,what is iso 42001,Informational,Informational,Medium,P2,Blog Post / FAQ,/blog,gap,editorial,editorial:iso 42001,Blog Post / FAQ
1868,what is nist ai rmf,Informational,Informational,Medium,P2,Blog Post / FAQ,/blog,gap,editorial,editorial:nist ai rmf,Blog Post / FAQ
1869,what is the colorado ai act,Informational,Informational,Low,P2,Blog Post / FAQ,/blog,gap,editorial,editorial:colorado ai act,Blog Post / FAQ
1870,what is shadow ai,Informational,Informational,Low,P2,Blog Post / FAQ,/blog,gap,editorial,editorial:shadow ai,Blog Post / FAQ
1871,what is an ai model card,Informational,Informational,Medium,P2,Blog Post / FAQ,/blog,gap,editorial,editorial:ai model card,Blog Post / FAQ
1872,what is ai observability,Informational,Informational,Medium,P2,Blog Post / FAQ,/blog,gap,editorial,editorial:ai observability,Blog Post / FAQ
1873,what is responsible ai,Informational,Informational,Medium,P2,Blog Post / FAQ,/blog,gap,editorial,editorial:responsible ai,Blog Post / FAQ
1874,what is explainable ai,Informational,Informational,Medium,P2,Blog Post / FAQ,/blog,gap,editorial,editorial:what is explainable,Blog Post / FAQ
1875,what is algorithmic accountability,Informational,Informational,Medium,P2,Blog Post / FAQ,/blog,gap,editorial,editorial:what is algorithmic,Blog Post / FAQ
1876,what is a high-risk ai system,Informational,Informational,Low,P2,Blog Post / FAQ,/blog,gap,editorial,editorial:what is a,Blog Post / FAQ
1877,iso 42001 vs nist ai rmf,Informational,Informational,Medium,P2,Blog Post / FAQ,/blog,gap,editorial,editorial:nist ai rmf,Blog Post / Guide
1878,ai act penalties explained,Informational,Informational,Medium,P2,Blog Post / FAQ,/blog,gap,editorial,editorial:ai act penalties,Blog Post / Guide
1879,ai act timeline explained,Informational,Informational,Medium,P2,Blog Post / FAQ,/blog,gap,editorial,editorial:ai act timeline,Blog Post / Guide
1880,dpdp act penalties explained,Informational,Informational,Low,P2,Blog Post / FAQ,/blog,gap,editorial,editorial:dpdp act,Blog Post / Guide
1881,history of ai regulation,Informational,Informational,Medium,P2,Blog Post / FAQ,/blog,gap,editorial,editorial:ai regulation,Blog Post / Guide
1882,global ai regulation landscape 2026,Informational,Informational,Medium,P2,Blog Post / FAQ,/blog,gap,editorial,editorial:ai regulation,Blog Post / Guide
1883,future of ai compliance,Informational,Informational,Medium,P2,Blog Post / FAQ,/blog,gap,editorial,editorial:ai compliance,Blog Post / Guide
1884,ai governance trends 2026,Informational,Informational,Low,P2,Blog Post / FAQ,/blog,gap,editorial,editorial:ai governance,Blog Post / Guide
1885,ai regulation trends 2026,Informational,Informational,Low,P2,Blog Post / FAQ,/blog,gap,editorial,editorial:ai regulation,Blog Post / Guide
1886,who needs to comply with the eu ai act,Informational,Informational,Medium,P2,Blog Post / FAQ,/blog,gap,editorial,editorial:eu ai act,Blog Post / Guide
1887,who needs to comply with the dpdp act,Informational,Informational,Medium,P2,Blog Post / FAQ,/blog,gap,editorial,editorial:dpdp act,Blog Post / Guide
1888,does the eu ai act apply outside the eu,Informational,Informational,Low,P2,Blog Post / FAQ,/blog,gap,editorial,editorial:eu ai act,Blog Post / Guide
1889,does dpdp act apply to foreign companies,Informational,Informational,Low,P2,Blog Post / FAQ,/blog,gap,editorial,editorial:dpdp act,Blog Post / Guide
1890,ai act risk categories explained,Informational,Informational,Low,P2,Blog Post / FAQ,/blog,gap,editorial,editorial:ai act risk,Blog Post / Guide
1891,prohibited ai practices under eu ai act,Informational,Informational,Medium,P2,Blog Post / FAQ,/blog,gap,editorial,editorial:eu ai act,Blog Post / Guide
1892,high-risk ai systems examples,Informational,Informational,Low,P2,Blog Post / FAQ,/blog,gap,editorial,editorial:high-risk ai systems,Blog Post / Guide
1893,limited-risk ai systems examples,Informational,Informational,Low,P2,Blog Post / FAQ,/blog,gap,editorial,editorial:limited-risk ai systems,Blog Post / Guide
1894,how ai regulation affects startups,Informational,Informational,Low,P2,Blog Post / FAQ,/blog,gap,editorial,editorial:ai regulation,Blog Post / Guide
1895,how ai regulation affects saas companies,Informational,Informational,Low,P2,Blog Post / FAQ,/blog,gap,editorial,editorial:ai regulation,Blog Post / Guide
1896,ai governance framework examples,Informational,Informational,Medium,P2,Blog Post / FAQ,/blog,gap,editorial,editorial:ai governance,Blog Post / Guide
1897,ai governance policy template,Informational,Informational,Medium,P2,Blog Post / FAQ,/blog,gap,editorial,editorial:ai governance,Blog Post / Guide
1898,ai incident reporting requirements,Informational,Informational,Medium,P2,Blog Post / FAQ,/blog,gap,editorial,editorial:ai incident,Blog Post / Guide
1899,ai transparency requirements,Informational,Informational,Low,P2,Blog Post / FAQ,/blog,gap,editorial,editorial:ai transparency,Blog Post / Guide
1900,ai accountability framework,Informational,Informational,Low,P2,Blog Post / FAQ,/blog,gap,editorial,editorial:ai accountability framework,Blog Post / Guide
1901,board level ai governance,Informational,Informational,Medium,P2,Blog Post / FAQ,/blog,gap,editorial,editorial:ai governance,Blog Post / Guide
1902,ai ethics vs ai compliance,Informational,Informational,Medium,P2,Blog Post / FAQ,/blog,gap,editorial,editorial:ai compliance,Blog Post / Guide
1903,data protection impact assessment for ai,Informational,Informational,Medium,P2,Blog Post / FAQ,/blog,gap,editorial,editorial:data protection impact assessment,Blog Post / Guide
1904,algorithmic impact assessment guide,Informational,Informational,Medium,P2,Blog Post / FAQ,/blog,gap,editorial,editorial:algorithmic impact assessment,Blog Post / Guide
1905,ai vendor due diligence checklist,Informational,Informational,Low,P2,Blog Post / FAQ,/blog,gap,editorial,editorial:ai vendor due,Blog Post / Guide
1906,third party ai risk explained,Informational,Informational,Low,P2,Blog Post / FAQ,/blog,gap,editorial,editorial:third party ai,Blog Post / Guide
1907,ai supply chain risk management,Informational,Informational,Medium,P2,Blog Post / FAQ,/blog,gap,editorial,editorial:ai supply chain,Blog Post / Guide
1908,building an ai risk taxonomy,Informational,Informational,Medium,P2,Blog Post / FAQ,/blog,gap,editorial,editorial:building an ai,Blog Post / Guide
1909,ai model inventory tool,Feature-Specific,Commercial,Medium,P2,Feature Page,/platform/ai-model-inventory-tool,gap,feature-page,feature:ai model inventory tool,Feature Page
1910,ai model inventory tool pricing,Feature-Specific,Commercial,Low,P2,Feature Page,/pricing,existing,feature-pricing,feature:ai model inventory tool,
1911,ai model inventory tool demo,Feature-Specific,Commercial,Low,P2,Feature Page,/book-demo,existing,feature-demo,feature:ai model inventory tool,
1912,ai model inventory tool free trial,Feature-Specific,Commercial,Low,P2,Feature Page,/book-demo,existing,feature-demo,feature:ai model inventory tool,
1913,ai model inventory tool for enterprise,Feature-Specific,Commercial,Low,P2,Feature Page,/enterprise,existing,feature-enterprise,feature:ai model inventory tool,
1914,ai model inventory tool for startups,Feature-Specific,Commercial,Low,P2,Feature Page,/solutions/startup,existing,feature-startup,feature:ai model inventory tool,
1915,ai risk scoring engine,Feature-Specific,Commercial,Medium,P2,Feature Page,/platform/ai-risk-scoring-engine,gap,feature-page,feature:ai risk scoring engine,Feature Page
1916,ai risk scoring engine pricing,Feature-Specific,Commercial,Low,P2,Feature Page,/pricing,existing,feature-pricing,feature:ai risk scoring engine,
1917,ai risk scoring engine demo,Feature-Specific,Commercial,Low,P2,Feature Page,/book-demo,existing,feature-demo,feature:ai risk scoring engine,
1918,ai risk scoring engine free trial,Feature-Specific,Commercial,Low,P2,Feature Page,/book-demo,existing,feature-demo,feature:ai risk scoring engine,
1919,ai risk scoring engine for enterprise,Feature-Specific,Commercial,Low,P2,Feature Page,/enterprise,existing,feature-enterprise,feature:ai risk scoring engine,
1920,ai risk scoring engine for startups,Feature-Specific,Commercial,Low,P2,Feature Page,/solutions/startup,existing,feature-startup,feature:ai risk scoring engine,
1921,compliance evidence vault,Feature-Specific,Commercial,Medium,P2,Feature Page,/platform/compliance-evidence-vault,gap,feature-page,feature:compliance evidence vault,Feature Page
1922,compliance evidence vault pricing,Feature-Specific,Commercial,Low,P2,Feature Page,/pricing,existing,feature-pricing,feature:compliance evidence vault,
1923,compliance evidence vault demo,Feature-Specific,Commercial,Low,P2,Feature Page,/book-demo,existing,feature-demo,feature:compliance evidence vault,
1924,compliance evidence vault free trial,Feature-Specific,Commercial,Low,P2,Feature Page,/book-demo,existing,feature-demo,feature:compliance evidence vault,
1925,compliance evidence vault for enterprise,Feature-Specific,Commercial,Low,P2,Feature Page,/enterprise,existing,feature-enterprise,feature:compliance evidence vault,
1926,compliance evidence vault for startups,Feature-Specific,Commercial,Low,P2,Feature Page,/solutions/startup,existing,feature-startup,feature:compliance evidence vault,
1927,automated compliance mapping,Feature-Specific,Commercial,Medium,P2,Feature Page,/platform/automated-compliance-mapping,gap,feature-page,feature:automated compliance mapping,Feature Page
1928,automated compliance mapping pricing,Feature-Specific,Commercial,Medium,P2,Feature Page,/pricing,existing,feature-pricing,feature:automated compliance mapping,
1929,automated compliance mapping demo,Feature-Specific,Commercial,Medium,P2,Feature Page,/book-demo,existing,feature-demo,feature:automated compliance mapping,
1930,automated compliance mapping free trial,Feature-Specific,Commercial,Low,P2,Feature Page,/book-demo,existing,feature-demo,feature:automated compliance mapping,
1931,automated compliance mapping for enterprise,Feature-Specific,Commercial,Low,P2,Feature Page,/enterprise,existing,feature-enterprise,feature:automated compliance mapping,
1932,automated compliance mapping for startups,Feature-Specific,Commercial,Low,P2,Feature Page,/solutions/startup,existing,feature-startup,feature:automated compliance mapping,
1933,cross-framework obligation mapping,Feature-Specific,Commercial,Medium,P2,Feature Page,/platform/cross-framework-obligation-mapping,gap,feature-page,feature:cross-framework obligation mapping,Feature Page
1934,cross-framework obligation mapping pricing,Feature-Specific,Commercial,Medium,P2,Feature Page,/pricing,existing,feature-pricing,feature:cross-framework obligation mapping,
1935,cross-framework obligation mapping demo,Feature-Specific,Commercial,Medium,P2,Feature Page,/book-demo,existing,feature-demo,feature:cross-framework obligation mapping,
1936,cross-framework obligation mapping free trial,Feature-Specific,Commercial,Low,P2,Feature Page,/book-demo,existing,feature-demo,feature:cross-framework obligation mapping,
1937,cross-framework obligation mapping for enterprise,Feature-Specific,Commercial,Low,P2,Feature Page,/enterprise,existing,feature-enterprise,feature:cross-framework obligation mapping,
1938,cross-framework obligation mapping for startups,Feature-Specific,Commercial,Low,P2,Feature Page,/solutions/startup,existing,feature-startup,feature:cross-framework obligation mapping,
1939,ai policy management software,Feature-Specific,Commercial,Medium,P2,Feature Page,/platform/ai-policy-management-software,gap,feature-page,feature:ai policy management software,Feature Page
1940,ai policy management software pricing,Feature-Specific,Commercial,Low,P2,Feature Page,/pricing,existing,feature-pricing,feature:ai policy management software,
1941,ai policy management software demo,Feature-Specific,Commercial,Low,P2,Feature Page,/book-demo,existing,feature-demo,feature:ai policy management software,
1942,ai policy management software free trial,Feature-Specific,Commercial,Low,P2,Feature Page,/book-demo,existing,feature-demo,feature:ai policy management software,
1943,ai policy management software for enterprise,Feature-Specific,Commercial,Low,P2,Feature Page,/enterprise,existing,feature-enterprise,feature:ai policy management software,
1944,ai policy management software for startups,Feature-Specific,Commercial,Low,P2,Feature Page,/solutions/startup,existing,feature-startup,feature:ai policy management software,
1945,ai vendor risk questionnaire tool,Feature-Specific,Commercial,Low,P2,Feature Page,/platform/ai-vendor-risk-questionnaire-tool,gap,feature-page,feature:ai vendor risk questionnaire tool,Feature Page
1946,ai vendor risk questionnaire tool pricing,Feature-Specific,Commercial,Low,P2,Feature Page,/pricing,existing,feature-pricing,feature:ai vendor risk questionnaire tool,
1947,ai vendor risk questionnaire tool demo,Feature-Specific,Commercial,Low,P2,Feature Page,/book-demo,existing,feature-demo,feature:ai vendor risk questionnaire tool,
1948,ai vendor risk questionnaire tool free trial,Feature-Specific,Commercial,Low,P2,Feature Page,/book-demo,existing,feature-demo,feature:ai vendor risk questionnaire tool,
1949,ai vendor risk questionnaire tool for enterprise,Feature-Specific,Commercial,Low,P2,Feature Page,/enterprise,existing,feature-enterprise,feature:ai vendor risk questionnaire tool,
1950,ai vendor risk questionnaire tool for startups,Feature-Specific,Commercial,Low,P2,Feature Page,/solutions/startup,existing,feature-startup,feature:ai vendor risk questionnaire tool,
1951,ai incident management platform,Feature-Specific,Commercial,Low,P2,Feature Page,/platform/ai-incident-management-platform,gap,feature-page,feature:ai incident management platform,Feature Page
1952,ai incident management platform pricing,Feature-Specific,Commercial,Low,P2,Feature Page,/pricing,existing,feature-pricing,feature:ai incident management platform,
1953,ai incident management platform demo,Feature-Specific,Commercial,Low,P2,Feature Page,/book-demo,existing,feature-demo,feature:ai incident management platform,
1954,ai incident management platform free trial,Feature-Specific,Commercial,Low,P2,Feature Page,/book-demo,existing,feature-demo,feature:ai incident management platform,
1955,ai incident management platform for enterprise,Feature-Specific,Commercial,Low,P2,Feature Page,/enterprise,existing,feature-enterprise,feature:ai incident management platform,
1956,ai incident management platform for startups,Feature-Specific,Commercial,Low,P2,Feature Page,/solutions/startup,existing,feature-startup,feature:ai incident management platform,
1957,ai compliance reporting dashboard,Feature-Specific,Commercial,Medium,P2,Feature Page,/platform/ai-compliance-reporting-dashboard,gap,feature-page,feature:ai compliance reporting dashboard,Feature Page
1958,ai compliance reporting dashboard pricing,Feature-Specific,Commercial,Low,P2,Feature Page,/pricing,existing,feature-pricing,feature:ai compliance reporting dashboard,
1959,ai compliance reporting dashboard demo,Feature-Specific,Commercial,Low,P2,Feature Page,/book-demo,existing,feature-demo,feature:ai compliance reporting dashboard,
1960,ai compliance reporting dashboard free trial,Feature-Specific,Commercial,Low,P2,Feature Page,/book-demo,existing,feature-demo,feature:ai compliance reporting dashboard,
1961,ai compliance reporting dashboard for enterprise,Feature-Specific,Commercial,Low,P2,Feature Page,/enterprise,existing,feature-enterprise,feature:ai compliance reporting dashboard,
1962,ai compliance reporting dashboard for startups,Feature-Specific,Commercial,Low,P2,Feature Page,/solutions/startup,existing,feature-startup,feature:ai compliance reporting dashboard,
1963,regulatory change tracking tool,Feature-Specific,Commercial,Medium,P2,Feature Page,/platform/regulatory-change-tracking-tool,gap,feature-page,feature:regulatory change tracking tool,Feature Page
1964,regulatory change tracking tool pricing,Feature-Specific,Commercial,Low,P2,Feature Page,/pricing,existing,feature-pricing,feature:regulatory change tracking tool,
1965,regulatory change tracking tool demo,Feature-Specific,Commercial,Low,P2,Feature Page,/book-demo,existing,feature-demo,feature:regulatory change tracking tool,
1966,regulatory change tracking tool free trial,Feature-Specific,Commercial,Low,P2,Feature Page,/book-demo,existing,feature-demo,feature:regulatory change tracking tool,
1967,regulatory change tracking tool for enterprise,Feature-Specific,Commercial,Low,P2,Feature Page,/enterprise,existing,feature-enterprise,feature:regulatory change tracking tool,
1968,regulatory change tracking tool for startups,Feature-Specific,Commercial,Low,P2,Feature Page,/solutions/startup,existing,feature-startup,feature:regulatory change tracking tool,
1969,ai audit readiness tool,Feature-Specific,Commercial,Low,P2,Feature Page,/platform/ai-audit-readiness-tool,gap,feature-page,feature:ai audit readiness tool,Feature Page
1970,ai audit readiness tool pricing,Feature-Specific,Commercial,Low,P2,Feature Page,/pricing,existing,feature-pricing,feature:ai audit readiness tool,
1971,ai audit readiness tool demo,Feature-Specific,Commercial,Low,P2,Feature Page,/book-demo,existing,feature-demo,feature:ai audit readiness tool,
1972,ai audit readiness tool free trial,Feature-Specific,Commercial,Low,P2,Feature Page,/book-demo,existing,feature-demo,feature:ai audit readiness tool,
1973,ai audit readiness tool for enterprise,Feature-Specific,Commercial,Low,P2,Feature Page,/enterprise,existing,feature-enterprise,feature:ai audit readiness tool,
1974,ai audit readiness tool for startups,Feature-Specific,Commercial,Low,P2,Feature Page,/solutions/startup,existing,feature-startup,feature:ai audit readiness tool,
1975,ai governance workflow automation,Feature-Specific,Commercial,Low,P2,Feature Page,/platform/ai-governance-workflow-automation,gap,feature-page,feature:ai governance workflow automation,Feature Page
1976,ai governance workflow automation pricing,Feature-Specific,Commercial,Low,P2,Feature Page,/pricing,existing,feature-pricing,feature:ai governance workflow automation,
1977,ai governance workflow automation demo,Feature-Specific,Commercial,Low,P2,Feature Page,/book-demo,existing,feature-demo,feature:ai governance workflow automation,
1978,ai governance workflow automation free trial,Feature-Specific,Commercial,Low,P2,Feature Page,/book-demo,existing,feature-demo,feature:ai governance workflow automation,
1979,ai governance workflow automation for enterprise,Feature-Specific,Commercial,Low,P2,Feature Page,/enterprise,existing,feature-enterprise,feature:ai governance workflow automation,
1980,ai governance workflow automation for startups,Feature-Specific,Commercial,Low,P2,Feature Page,/solutions/startup,existing,feature-startup,feature:ai governance workflow automation,
1981,compliance evidence collection software,Feature-Specific,Commercial,Low,P2,Feature Page,/platform/compliance-evidence-collection-software,gap,feature-page,feature:compliance evidence collection software,Feature Page
1982,compliance evidence collection software pricing,Feature-Specific,Commercial,Low,P2,Feature Page,/pricing,existing,feature-pricing,feature:compliance evidence collection software,
1983,compliance evidence collection software demo,Feature-Specific,Commercial,Low,P2,Feature Page,/book-demo,existing,feature-demo,feature:compliance evidence collection software,
1984,compliance evidence collection software free trial,Feature-Specific,Commercial,Low,P2,Feature Page,/book-demo,existing,feature-demo,feature:compliance evidence collection software,
1985,compliance evidence collection software for enterprise,Feature-Specific,Commercial,Low,P2,Feature Page,/enterprise,existing,feature-enterprise,feature:compliance evidence collection software,
1986,compliance evidence collection software for startups,Feature-Specific,Commercial,Low,P2,Feature Page,/solutions/startup,existing,feature-startup,feature:compliance evidence collection software,
1987,ai risk heatmap tool,Feature-Specific,Commercial,Low,P2,Feature Page,/platform/ai-risk-heatmap-tool,gap,feature-page,feature:ai risk heatmap tool,Feature Page
1988,ai risk heatmap tool pricing,Feature-Specific,Commercial,Low,P2,Feature Page,/pricing,existing,feature-pricing,feature:ai risk heatmap tool,
1989,ai risk heatmap tool demo,Feature-Specific,Commercial,Low,P2,Feature Page,/book-demo,existing,feature-demo,feature:ai risk heatmap tool,
1990,ai risk heatmap tool free trial,Feature-Specific,Commercial,Low,P2,Feature Page,/book-demo,existing,feature-demo,feature:ai risk heatmap tool,
1991,ai risk heatmap tool for enterprise,Feature-Specific,Commercial,Low,P2,Feature Page,/enterprise,existing,feature-enterprise,feature:ai risk heatmap tool,
1992,ai risk heatmap tool for startups,Feature-Specific,Commercial,Low,P2,Feature Page,/solutions/startup,existing,feature-startup,feature:ai risk heatmap tool,
1993,ai compliance api,Feature-Specific,Commercial,High,P3 - Long Term,Feature Page,/platform/ai-compliance-api,gap,feature-page,feature:ai compliance api,Feature Page
1994,ai compliance api pricing,Feature-Specific,Commercial,Low,P2,Feature Page,/pricing,existing,feature-pricing,feature:ai compliance api,
1995,ai compliance api demo,Feature-Specific,Commercial,Medium,P2,Feature Page,/book-demo,existing,feature-demo,feature:ai compliance api,
1996,ai compliance api free trial,Feature-Specific,Commercial,Low,P2,Feature Page,/book-demo,existing,feature-demo,feature:ai compliance api,
1997,ai compliance api for enterprise,Feature-Specific,Commercial,Low,P2,Feature Page,/enterprise,existing,feature-enterprise,feature:ai compliance api,
1998,ai compliance api for startups,Feature-Specific,Commercial,Low,P2,Feature Page,/solutions/startup,existing,feature-startup,feature:ai compliance api,
1999,compliance integration tool,Feature-Specific,Commercial,Medium,P2,Feature Page,/platform/compliance-integration-tool,gap,feature-page,feature:compliance integration tool,Feature Page
2000,compliance integration tool pricing,Feature-Specific,Commercial,Medium,P2,Feature Page,/pricing,existing,feature-pricing,feature:compliance integration tool,
2001,compliance integration tool demo,Feature-Specific,Commercial,Medium,P2,Feature Page,/book-demo,existing,feature-demo,feature:compliance integration tool,
2002,compliance integration tool free trial,Feature-Specific,Commercial,Low,P2,Feature Page,/book-demo,existing,feature-demo,feature:compliance integration tool,
2003,compliance integration tool for enterprise,Feature-Specific,Commercial,Low,P2,Feature Page,/enterprise,existing,feature-enterprise,feature:compliance integration tool,
2004,compliance integration tool for startups,Feature-Specific,Commercial,Low,P2,Feature Page,/solutions/startup,existing,feature-startup,feature:compliance integration tool,
2005,ai governance dashboard,Feature-Specific,Commercial,Medium,P2,Feature Page,/platform/ai-governance-dashboard,gap,feature-page,feature:ai governance dashboard,Feature Page
2006,ai governance dashboard pricing,Feature-Specific,Commercial,Medium,P2,Feature Page,/pricing,existing,feature-pricing,feature:ai governance dashboard,
2007,ai governance dashboard demo,Feature-Specific,Commercial,Medium,P2,Feature Page,/book-demo,existing,feature-demo,feature:ai governance dashboard,
2008,ai governance dashboard free trial,Feature-Specific,Commercial,Low,P2,Feature Page,/book-demo,existing,feature-demo,feature:ai governance dashboard,
2009,ai governance dashboard for enterprise,Feature-Specific,Commercial,Low,P2,Feature Page,/enterprise,existing,feature-enterprise,feature:ai governance dashboard,
2010,ai governance dashboard for startups,Feature-Specific,Commercial,Low,P2,Feature Page,/solutions/startup,existing,feature-startup,feature:ai governance dashboard,
2011,ai compliance workflow builder,Feature-Specific,Commercial,Low,P2,Feature Page,/platform/ai-compliance-workflow-builder,gap,feature-page,feature:ai compliance workflow builder,Feature Page
2012,ai compliance workflow builder pricing,Feature-Specific,Commercial,Low,P2,Feature Page,/pricing,existing,feature-pricing,feature:ai compliance workflow builder,
2013,ai compliance workflow builder demo,Feature-Specific,Commercial,Low,P2,Feature Page,/book-demo,existing,feature-demo,feature:ai compliance workflow builder,
2014,ai compliance workflow builder free trial,Feature-Specific,Commercial,Low,P2,Feature Page,/book-demo,existing,feature-demo,feature:ai compliance workflow builder,
2015,ai compliance workflow builder for enterprise,Feature-Specific,Commercial,Low,P2,Feature Page,/enterprise,existing,feature-enterprise,feature:ai compliance workflow builder,
2016,ai compliance workflow builder for startups,Feature-Specific,Commercial,Low,P2,Feature Page,/solutions/startup,existing,feature-startup,feature:ai compliance workflow builder,
2017,automated regulatory updates ai,Feature-Specific,Commercial,Low,P2,Feature Page,/platform/automated-regulatory-updates-ai,gap,feature-page,feature:automated regulatory updates ai,Feature Page
2018,automated regulatory updates ai pricing,Feature-Specific,Commercial,Low,P2,Feature Page,/pricing,existing,feature-pricing,feature:automated regulatory updates ai,
2019,automated regulatory updates ai demo,Feature-Specific,Commercial,Low,P2,Feature Page,/book-demo,existing,feature-demo,feature:automated regulatory updates ai,
2020,automated regulatory updates ai free trial,Feature-Specific,Commercial,Low,P2,Feature Page,/book-demo,existing,feature-demo,feature:automated regulatory updates ai,
2021,automated regulatory updates ai for enterprise,Feature-Specific,Commercial,Low,P2,Feature Page,/enterprise,existing,feature-enterprise,feature:automated regulatory updates ai,
2022,automated regulatory updates ai for startups,Feature-Specific,Commercial,Low,P2,Feature Page,/solutions/startup,existing,feature-startup,feature:automated regulatory updates ai,
2023,ai compliance alerts tool,Feature-Specific,Commercial,Medium,P2,Feature Page,/platform/ai-compliance-alerts-tool,gap,feature-page,feature:ai compliance alerts tool,Feature Page
2024,ai compliance alerts tool pricing,Feature-Specific,Commercial,Low,P2,Feature Page,/pricing,existing,feature-pricing,feature:ai compliance alerts tool,
2025,ai compliance alerts tool demo,Feature-Specific,Commercial,Low,P2,Feature Page,/book-demo,existing,feature-demo,feature:ai compliance alerts tool,
2026,ai compliance alerts tool free trial,Feature-Specific,Commercial,Low,P2,Feature Page,/book-demo,existing,feature-demo,feature:ai compliance alerts tool,
2027,ai compliance alerts tool for enterprise,Feature-Specific,Commercial,Low,P2,Feature Page,/enterprise,existing,feature-enterprise,feature:ai compliance alerts tool,
2028,ai compliance alerts tool for startups,Feature-Specific,Commercial,Low,P2,Feature Page,/solutions/startup,existing,feature-startup,feature:ai compliance alerts tool,
2029,ai compliance checklist for cto,Buyer Persona,Informational/Commercial,Low,P2,Blog Post / Guide,/blog,gap,persona-editorial,persona:cto,Blog Post / Guide
2030,ai governance guide for cto,Buyer Persona,Informational/Commercial,Low,P2,Blog Post / Guide,/blog,gap,persona-editorial,persona:cto,Blog Post / Guide
2031,ai risk management guide for cto,Buyer Persona,Informational/Commercial,Low,P2,Blog Post / Guide,/blog,gap,persona-editorial,persona:cto,Blog Post / Guide
2032,eu ai act guide for cto,Buyer Persona,Informational/Commercial,Low,P2,Blog Post / Guide,/blog,gap,persona-editorial,persona:cto,Blog Post / Guide
2033,dpdp act guide for cto,Buyer Persona,Informational/Commercial,Low,P2,Blog Post / Guide,/blog,gap,persona-editorial,persona:cto,Blog Post / Guide
2034,ai compliance software for cto,Buyer Persona,Informational/Commercial,Low,P2,Blog Post / Guide,/solutions/it-teams,existing,persona-existing,persona:cto,
2035,ai governance responsibilities for cto,Buyer Persona,Informational/Commercial,Low,P2,Blog Post / Guide,/blog,gap,persona-editorial,persona:cto,Blog Post / Guide
2036,ai risk management responsibilities for cto,Buyer Persona,Informational/Commercial,Low,P2,Blog Post / Guide,/blog,gap,persona-editorial,persona:cto,Blog Post / Guide
2037,ai compliance checklist for ciso,Buyer Persona,Informational/Commercial,Medium,P2,Blog Post / Guide,/blog,gap,persona-editorial,persona:ciso,Blog Post / Guide
2038,ai governance guide for ciso,Buyer Persona,Informational/Commercial,Low,P2,Blog Post / Guide,/blog,gap,persona-editorial,persona:ciso,Blog Post / Guide
2039,ai risk management guide for ciso,Buyer Persona,Informational/Commercial,Low,P2,Blog Post / Guide,/blog,gap,persona-editorial,persona:ciso,Blog Post / Guide
2040,eu ai act guide for ciso,Buyer Persona,Informational/Commercial,Low,P2,Blog Post / Guide,/blog,gap,persona-editorial,persona:ciso,Blog Post / Guide
2041,dpdp act guide for ciso,Buyer Persona,Informational/Commercial,Medium,P2,Blog Post / Guide,/blog,gap,persona-editorial,persona:ciso,Blog Post / Guide
2042,ai compliance software for ciso,Buyer Persona,Informational/Commercial,Medium,P2,Blog Post / Guide,/solutions/ciso,existing,persona-existing,persona:ciso,
2043,ai governance responsibilities for ciso,Buyer Persona,Informational/Commercial,Medium,P2,Blog Post / Guide,/blog,gap,persona-editorial,persona:ciso,Blog Post / Guide
2044,ai risk management responsibilities for ciso,Buyer Persona,Informational/Commercial,Low,P2,Blog Post / Guide,/blog,gap,persona-editorial,persona:ciso,Blog Post / Guide
2045,ai compliance checklist for chief compliance officer,Buyer Persona,Informational/Commercial,Low,P2,Blog Post / Guide,/blog,gap,persona-editorial,persona:chief compliance officer,Blog Post / Guide
2046,ai governance guide for chief compliance officer,Buyer Persona,Informational/Commercial,Low,P2,Blog Post / Guide,/blog,gap,persona-editorial,persona:chief compliance officer,Blog Post / Guide
2047,ai risk management guide for chief compliance officer,Buyer Persona,Informational/Commercial,Low,P2,Blog Post / Guide,/blog,gap,persona-editorial,persona:chief compliance officer,Blog Post / Guide
2048,eu ai act guide for chief compliance officer,Buyer Persona,Informational/Commercial,Low,P2,Blog Post / Guide,/blog,gap,persona-editorial,persona:chief compliance officer,Blog Post / Guide
2049,dpdp act guide for chief compliance officer,Buyer Persona,Informational/Commercial,Low,P2,Blog Post / Guide,/blog,gap,persona-editorial,persona:chief compliance officer,Blog Post / Guide
2050,ai compliance software for chief compliance officer,Buyer Persona,Informational/Commercial,Low,P2,Blog Post / Guide,/solutions/grc,existing,persona-existing,persona:chief compliance officer,
2051,ai governance responsibilities for chief compliance officer,Buyer Persona,Informational/Commercial,Low,P2,Blog Post / Guide,/blog,gap,persona-editorial,persona:chief compliance officer,Blog Post / Guide
2052,ai risk management responsibilities for chief compliance officer,Buyer Persona,Informational/Commercial,Low,P2,Blog Post / Guide,/blog,gap,persona-editorial,persona:chief compliance officer,Blog Post / Guide
2053,ai compliance checklist for data protection officer,Buyer Persona,Informational/Commercial,Low,P2,Blog Post / Guide,/blog,gap,persona-editorial,persona:data protection officer,Blog Post / Guide
2054,ai governance guide for data protection officer,Buyer Persona,Informational/Commercial,Low,P2,Blog Post / Guide,/blog,gap,persona-editorial,persona:data protection officer,Blog Post / Guide
2055,ai risk management guide for data protection officer,Buyer Persona,Informational/Commercial,Low,P2,Blog Post / Guide,/blog,gap,persona-editorial,persona:data protection officer,Blog Post / Guide
2056,eu ai act guide for data protection officer,Buyer Persona,Informational/Commercial,Low,P2,Blog Post / Guide,/blog,gap,persona-editorial,persona:data protection officer,Blog Post / Guide
2057,dpdp act guide for data protection officer,Buyer Persona,Informational/Commercial,Low,P2,Blog Post / Guide,/blog,gap,persona-editorial,persona:data protection officer,Blog Post / Guide
2058,ai compliance software for data protection officer,Buyer Persona,Informational/Commercial,Low,P2,Blog Post / Guide,/solutions/data-protection-officer,gap,persona-gap,persona:data protection officer,Landing Page (Vertical)
2059,ai governance responsibilities for data protection officer,Buyer Persona,Informational/Commercial,Low,P2,Blog Post / Guide,/blog,gap,persona-editorial,persona:data protection officer,Blog Post / Guide
2060,ai risk management responsibilities for data protection officer,Buyer Persona,Informational/Commercial,Low,P2,Blog Post / Guide,/blog,gap,persona-editorial,persona:data protection officer,Blog Post / Guide
2061,ai compliance checklist for general counsel,Buyer Persona,Informational/Commercial,Low,P2,Blog Post / Guide,/blog,gap,persona-editorial,persona:general counsel,Blog Post / Guide
2062,ai governance guide for general counsel,Buyer Persona,Informational/Commercial,Low,P2,Blog Post / Guide,/blog,gap,persona-editorial,persona:general counsel,Blog Post / Guide
2063,ai risk management guide for general counsel,Buyer Persona,Informational/Commercial,Low,P2,Blog Post / Guide,/blog,gap,persona-editorial,persona:general counsel,Blog Post / Guide
2064,eu ai act guide for general counsel,Buyer Persona,Informational/Commercial,Low,P2,Blog Post / Guide,/blog,gap,persona-editorial,persona:general counsel,Blog Post / Guide
2065,dpdp act guide for general counsel,Buyer Persona,Informational/Commercial,Low,P2,Blog Post / Guide,/blog,gap,persona-editorial,persona:general counsel,Blog Post / Guide
2066,ai compliance software for general counsel,Buyer Persona,Informational/Commercial,Low,P2,Blog Post / Guide,/solutions/general-counsel,gap,persona-gap,persona:general counsel,Landing Page (Vertical)
2067,ai governance responsibilities for general counsel,Buyer Persona,Informational/Commercial,Low,P2,Blog Post / Guide,/blog,gap,persona-editorial,persona:general counsel,Blog Post / Guide
2068,ai risk management responsibilities for general counsel,Buyer Persona,Informational/Commercial,Low,P2,Blog Post / Guide,/blog,gap,persona-editorial,persona:general counsel,Blog Post / Guide
2069,ai compliance checklist for head of ai,Buyer Persona,Informational/Commercial,Low,P2,Blog Post / Guide,/blog,gap,persona-editorial,persona:head of ai,Blog Post / Guide
2070,ai governance guide for head of ai,Buyer Persona,Informational/Commercial,Low,P2,Blog Post / Guide,/blog,gap,persona-editorial,persona:head of ai,Blog Post / Guide
2071,ai risk management guide for head of ai,Buyer Persona,Informational/Commercial,Low,P2,Blog Post / Guide,/blog,gap,persona-editorial,persona:head of ai,Blog Post / Guide
2072,eu ai act guide for head of ai,Buyer Persona,Informational/Commercial,Low,P2,Blog Post / Guide,/blog,gap,persona-editorial,persona:head of ai,Blog Post / Guide
2073,dpdp act guide for head of ai,Buyer Persona,Informational/Commercial,Low,P2,Blog Post / Guide,/blog,gap,persona-editorial,persona:head of ai,Blog Post / Guide
2074,ai compliance software for head of ai,Buyer Persona,Informational/Commercial,Low,P2,Blog Post / Guide,/solutions/head-of-ai,gap,persona-gap,persona:head of ai,Landing Page (Vertical)
2075,ai governance responsibilities for head of ai,Buyer Persona,Informational/Commercial,Low,P2,Blog Post / Guide,/blog,gap,persona-editorial,persona:head of ai,Blog Post / Guide
2076,ai risk management responsibilities for head of ai,Buyer Persona,Informational/Commercial,Low,P2,Blog Post / Guide,/blog,gap,persona-editorial,persona:head of ai,Blog Post / Guide
2077,ai compliance checklist for vp of engineering,Buyer Persona,Informational/Commercial,Low,P2,Blog Post / Guide,/blog,gap,persona-editorial,persona:vp of engineering,Blog Post / Guide
2078,ai governance guide for vp of engineering,Buyer Persona,Informational/Commercial,Low,P2,Blog Post / Guide,/blog,gap,persona-editorial,persona:vp of engineering,Blog Post / Guide
2079,ai risk management guide for vp of engineering,Buyer Persona,Informational/Commercial,Low,P2,Blog Post / Guide,/blog,gap,persona-editorial,persona:vp of engineering,Blog Post / Guide
2080,eu ai act guide for vp of engineering,Buyer Persona,Informational/Commercial,Low,P2,Blog Post / Guide,/blog,gap,persona-editorial,persona:vp of engineering,Blog Post / Guide
2081,dpdp act guide for vp of engineering,Buyer Persona,Informational/Commercial,Low,P2,Blog Post / Guide,/blog,gap,persona-editorial,persona:vp of engineering,Blog Post / Guide
2082,ai compliance software for vp of engineering,Buyer Persona,Informational/Commercial,Low,P2,Blog Post / Guide,/solutions/it-teams,existing,persona-existing,persona:vp of engineering,
2083,ai governance responsibilities for vp of engineering,Buyer Persona,Informational/Commercial,Low,P2,Blog Post / Guide,/blog,gap,persona-editorial,persona:vp of engineering,Blog Post / Guide
2084,ai risk management responsibilities for vp of engineering,Buyer Persona,Informational/Commercial,Low,P2,Blog Post / Guide,/blog,gap,persona-editorial,persona:vp of engineering,Blog Post / Guide
2085,ai compliance checklist for founder,Buyer Persona,Informational/Commercial,Low,P2,Blog Post / Guide,/blog,gap,persona-editorial,persona:founder,Blog Post / Guide
2086,ai governance guide for founder,Buyer Persona,Informational/Commercial,Low,P2,Blog Post / Guide,/blog,gap,persona-editorial,persona:founder,Blog Post / Guide
2087,ai risk management guide for founder,Buyer Persona,Informational/Commercial,Low,P2,Blog Post / Guide,/blog,gap,persona-editorial,persona:founder,Blog Post / Guide
2088,eu ai act guide for founder,Buyer Persona,Informational/Commercial,Low,P2,Blog Post / Guide,/blog,gap,persona-editorial,persona:founder,Blog Post / Guide
2089,dpdp act guide for founder,Buyer Persona,Informational/Commercial,Low,P2,Blog Post / Guide,/blog,gap,persona-editorial,persona:founder,Blog Post / Guide
2090,ai compliance software for founder,Buyer Persona,Informational/Commercial,Medium,P2,Blog Post / Guide,/solutions/startup,existing,persona-existing,persona:founder,
2091,ai governance responsibilities for founder,Buyer Persona,Informational/Commercial,Medium,P2,Blog Post / Guide,/blog,gap,persona-editorial,persona:founder,Blog Post / Guide
2092,ai risk management responsibilities for founder,Buyer Persona,Informational/Commercial,Low,P2,Blog Post / Guide,/blog,gap,persona-editorial,persona:founder,Blog Post / Guide
2093,ai compliance checklist for product manager,Buyer Persona,Informational/Commercial,Low,P2,Blog Post / Guide,/blog,gap,persona-editorial,persona:product manager,Blog Post / Guide
2094,ai governance guide for product manager,Buyer Persona,Informational/Commercial,Low,P2,Blog Post / Guide,/blog,gap,persona-editorial,persona:product manager,Blog Post / Guide
2095,ai risk management guide for product manager,Buyer Persona,Informational/Commercial,Low,P2,Blog Post / Guide,/blog,gap,persona-editorial,persona:product manager,Blog Post / Guide
2096,eu ai act guide for product manager,Buyer Persona,Informational/Commercial,Low,P2,Blog Post / Guide,/blog,gap,persona-editorial,persona:product manager,Blog Post / Guide
2097,dpdp act guide for product manager,Buyer Persona,Informational/Commercial,Low,P2,Blog Post / Guide,/blog,gap,persona-editorial,persona:product manager,Blog Post / Guide
2098,ai compliance software for product manager,Buyer Persona,Informational/Commercial,Low,P2,Blog Post / Guide,/solutions/product-manager,gap,persona-gap,persona:product manager,Landing Page (Vertical)
2099,ai governance responsibilities for product manager,Buyer Persona,Informational/Commercial,Low,P2,Blog Post / Guide,/blog,gap,persona-editorial,persona:product manager,Blog Post / Guide
2100,ai risk management responsibilities for product manager,Buyer Persona,Informational/Commercial,Low,P2,Blog Post / Guide,/blog,gap,persona-editorial,persona:product manager,Blog Post / Guide
2101,ai compliance checklist for risk manager,Buyer Persona,Informational/Commercial,Low,P2,Blog Post / Guide,/blog,gap,persona-editorial,persona:risk manager,Blog Post / Guide
2102,ai governance guide for risk manager,Buyer Persona,Informational/Commercial,Low,P2,Blog Post / Guide,/blog,gap,persona-editorial,persona:risk manager,Blog Post / Guide
2103,ai risk management guide for risk manager,Buyer Persona,Informational/Commercial,Low,P2,Blog Post / Guide,/blog,gap,persona-editorial,persona:risk manager,Blog Post / Guide
2104,eu ai act guide for risk manager,Buyer Persona,Informational/Commercial,Low,P2,Blog Post / Guide,/blog,gap,persona-editorial,persona:risk manager,Blog Post / Guide
2105,dpdp act guide for risk manager,Buyer Persona,Informational/Commercial,Low,P2,Blog Post / Guide,/blog,gap,persona-editorial,persona:risk manager,Blog Post / Guide
2106,ai compliance software for risk manager,Buyer Persona,Informational/Commercial,Low,P2,Blog Post / Guide,/solutions/grc,existing,persona-existing,persona:risk manager,
2107,ai governance responsibilities for risk manager,Buyer Persona,Informational/Commercial,Low,P2,Blog Post / Guide,/blog,gap,persona-editorial,persona:risk manager,Blog Post / Guide
2108,ai risk management responsibilities for risk manager,Buyer Persona,Informational/Commercial,Low,P2,Blog Post / Guide,/blog,gap,persona-editorial,persona:risk manager,Blog Post / Guide
2109,ai compliance checklist for legal team,Buyer Persona,Informational/Commercial,Low,P2,Blog Post / Guide,/blog,gap,persona-editorial,persona:legal team,Blog Post / Guide
2110,ai governance guide for legal team,Buyer Persona,Informational/Commercial,Low,P2,Blog Post / Guide,/blog,gap,persona-editorial,persona:legal team,Blog Post / Guide
2111,ai risk management guide for legal team,Buyer Persona,Informational/Commercial,Low,P2,Blog Post / Guide,/blog,gap,persona-editorial,persona:legal team,Blog Post / Guide
2112,eu ai act guide for legal team,Buyer Persona,Informational/Commercial,Low,P2,Blog Post / Guide,/blog,gap,persona-editorial,persona:legal team,Blog Post / Guide
2113,dpdp act guide for legal team,Buyer Persona,Informational/Commercial,Low,P2,Blog Post / Guide,/blog,gap,persona-editorial,persona:legal team,Blog Post / Guide
2114,ai compliance software for legal team,Buyer Persona,Informational/Commercial,Low,P2,Blog Post / Guide,/solutions/legal-team,gap,persona-gap,persona:legal team,Landing Page (Vertical)
2115,ai governance responsibilities for legal team,Buyer Persona,Informational/Commercial,Low,P2,Blog Post / Guide,/blog,gap,persona-editorial,persona:legal team,Blog Post / Guide
2116,ai risk management responsibilities for legal team,Buyer Persona,Informational/Commercial,Low,P2,Blog Post / Guide,/blog,gap,persona-editorial,persona:legal team,Blog Post / Guide
2117,ai compliance checklist for compliance team,Buyer Persona,Informational/Commercial,Low,P2,Blog Post / Guide,/blog,gap,persona-editorial,persona:compliance team,Blog Post / Guide
2118,ai governance guide for compliance team,Buyer Persona,Informational/Commercial,Low,P2,Blog Post / Guide,/blog,gap,persona-editorial,persona:compliance team,Blog Post / Guide
2119,ai risk management guide for compliance team,Buyer Persona,Informational/Commercial,Low,P2,Blog Post / Guide,/blog,gap,persona-editorial,persona:compliance team,Blog Post / Guide
2120,eu ai act guide for compliance team,Buyer Persona,Informational/Commercial,Low,P2,Blog Post / Guide,/blog,gap,persona-editorial,persona:compliance team,Blog Post / Guide
2121,dpdp act guide for compliance team,Buyer Persona,Informational/Commercial,Low,P2,Blog Post / Guide,/blog,gap,persona-editorial,persona:compliance team,Blog Post / Guide
2122,ai compliance software for compliance team,Buyer Persona,Informational/Commercial,Low,P2,Blog Post / Guide,/solutions/grc,existing,persona-existing,persona:compliance team,
2123,ai governance responsibilities for compliance team,Buyer Persona,Informational/Commercial,Low,P2,Blog Post / Guide,/blog,gap,persona-editorial,persona:compliance team,Blog Post / Guide
2124,ai risk management responsibilities for compliance team,Buyer Persona,Informational/Commercial,Low,P2,Blog Post / Guide,/blog,gap,persona-editorial,persona:compliance team,Blog Post / Guide
2125,complivibe,Branded,Navigational,Low,P2,Brand/Homepage,/,existing,branded-home,brand,
2126,complivibe pricing,Branded,Navigational,Low,P2,Brand/Homepage,/pricing,existing,branded-pricing,brand,
2127,complivibe reviews,Branded,Navigational,Low,P2,Brand/Homepage,/customer-stories,existing,branded-reviews,brand,
2128,complivibe login,Branded,Navigational,Low,P2,Brand/Homepage,/login,existing,branded-login,brand,
2129,complivibe demo,Branded,Navigational,Low,P2,Brand/Homepage,/book-demo,existing,branded-demo,brand,
2130,complivibe vs vanta,Branded,Navigational,Low,P2,Brand/Homepage,/compare/complivibe-vs-vanta,gap,branded-vs,compare:vanta,Comparison Page
2131,complivibe vs credo ai,Branded,Navigational,Low,P2,Brand/Homepage,/compare/complivibe-vs-credo-ai,gap,branded-vs,compare:credo ai,Comparison Page
2132,complivibe eu ai act,Branded,Navigational,Low,P2,Brand/Homepage,/frameworks/eu-ai-act,existing,branded-regulation,brand,
2133,complivibe dpdp act,Branded,Navigational,Low,P2,Brand/Homepage,/frameworks/dpdp,existing,branded-regulation,brand,
2134,trust layer for ai,Branded,Navigational,Low,P2,Brand/Homepage,/,existing,branded-home,brand,
2135,shadow ai discovery engine,Branded,Navigational,Low,P2,Brand/Homepage,/,existing,branded-home,brand,
